Rank,Release Group,Worldwide,Domestic,Foreign,filename,year,Domestic %,Foreign %
1,Mali Twist,"$956,475",-,956475,2022.csv,2022,-,100%
2,Detective Conan: The Scarlet Bullet,"$95,580,715",-,95580715,2021.csv,2021,-,100%
3,Meppadiyan,"$94,996",-,94996,2022.csv,2022,-,100%
4,Evangelion: 3.0+1.01 Thrice Upon a Time,"$92,246,218",-,92246218,2021.csv,2021,-,100%
5,End Game,"$91,824,961","$23,149",91801812,2021.csv,2021,<0.1%,100%
6,The Battle at Lake Changjin,"$902,540,935","$342,411",902198524,2021.csv,2021,<0.1%,100%
7,Old,"$90,112,510","$48,242,510",41870000,2021.csv,2021,53.5%,46.5%
8,Sumikko Gurashi The Movie: The Magical Child Of The Blue Moonlit Night,"$9,735,732",-,9735732,2021.csv,2021,-,100%
9,Stolen Identity 2,"$9,687,188",-,9687188,2020.csv,2020,-,100%
10,Black Box,"$9,685,061",-,9685061,2021.csv,2021,-,100%
11,The Soul,"$9,600,000",-,9600000,2021.csv,2021,-,100%
12,¡A todo tren! Destino Asturias,"$9,544,171",-,9544171,2021.csv,2021,-,100%
13,Baragaki: Unbroken Samurai,"$9,481,437",-,9481437,2021.csv,2021,-,100%
14,10 Days with Dad,"$9,472,077","$2,359",9469718,2020.csv,2020,<0.1%,100%
15,Secret Zoo,"$9,471,940",-,9471940,2020.csv,2020,-,100%
16,365 Days,"$9,458,590",-,9458590,2020.csv,2020,-,100%
17,Okay Madam,"$9,433,525",-,9433525,2020.csv,2020,-,100%
18,L'appel de la forêt,"$9,317,347",-,9317347,2020.csv,2020,-,100%
19,Shooter,"$9,204",-,9204,2022.csv,2022,-,100%
20,Redeeming Love,"$9,128,793","$8,948,695",180098,2022.csv,2022,98%,2%
21,Inception 10th Anniversary re-release,"$9,100,000",-,9100000,2020.csv,2020,-,100%
22,The Closet,"$9,036,145",-,9036145,2020.csv,2020,-,100%
23,The Vault,"$9,022,920",-,9022920,2021.csv,2021,-,100%
24,The Tiger Rising,"$882,128","$835,162",46966,2022.csv,2022,94.7%,5.3%
25,Flight 666,"$87,997",-,87997,2022.csv,2022,-,100%
26,Mortal Kombat,"$83,726,031","$42,326,031",41400000,2021.csv,2021,50.6%,49.4%
27,The Souvenir,"$827,620",-,827620,2022.csv,2022,-,100%
28,My Brothers and I,"$825,312",-,825312,2022.csv,2022,-,100%
29,"Hi, Mom","$822,009,764",-,822009764,2021.csv,2021,-,100%
30,Ghosts of the Ozarks,"$81,210",-,81210,2022.csv,2022,-,100%
31,Caught in Time,"$80,543,319",-,80543319,2020.csv,2020,-,100%
32,Malasaña 32,"$8,968,845",-,8968845,2020.csv,2020,-,100%
33,Break the Silence: The Movie,"$8,954,345",-,8954345,2020.csv,2020,-,100%
34,WarHunt,"$8,953",-,8953,2022.csv,2022,-,100%
35,I Hate Summer,"$8,926,071",-,8926071,2020.csv,2020,-,100%
36,100% Wolf,"$8,906,757","$658,764",8247993,2020.csv,2020,7.4%,92.6%
37,All About My Mother,"$8,900,000",-,8900000,2021.csv,2021,-,100%
38,Downhill,"$8,899,195","$8,287,061",612134,2020.csv,2020,93.1%,6.9%
39,Les blagues de Toto,"$8,859,185",-,8859185,2020.csv,2020,-,100%
40,The Eleventh Chapter,"$8,845,525",-,8845525,2021.csv,2021,-,100%
41,The Pirates: The Last Royal Treasure,"$8,821,090",-,8821090,2022.csv,2022,-,100%
42,Kaguya-sama: Love Is War,"$8,794,981",-,8794981,2021.csv,2021,-,100%
43,The Secret Garden,"$8,721,243",-,8721243,2020.csv,2020,-,100%
44,Catch the Fair One,"$8,661","$7,992",669,2022.csv,2022,92.3%,7.7%
45,The Pregnant Tree and the Goblin,"$8,655",-,8655,2022.csv,2022,-,100%
46,Eltilerin Savasi,"$8,613,864",-,8613864,2020.csv,2020,-,100%
47,Broken Keys,"$8,510",-,8510,2022.csv,2022,-,100%
48,Agent Backkom: Kings Bear,"$8,500,000",-,8500000,2021.csv,2021,-,100%
49,Honey Lemon Soda,"$8,441,488",-,8441488,2021.csv,2021,-,100%
50,Malang,"$8,399,765",-,8399765,2020.csv,2020,-,100%
51,The Lord of the Rings: The Fellowship of the Ring 2021 Re-release,"$8,377,569",-,8377569,2021.csv,2021,-,100%
52,Delicious,"$8,342,846",-,8342846,2021.csv,2021,-,100%
53,The Protégé,"$8,282,208","$7,446,823",835385,2021.csv,2021,89.9%,10.1%
54,I Don't Have Any Money Left in My Retirement Account,"$8,204,616",-,8204616,2021.csv,2021,-,100%
55,White Snake 2: Green Snake,"$8,170,000",-,8170000,2021.csv,2021,-,100%
56,Ainbo,"$8,133,281",-,8133281,2021.csv,2021,-,100%
57,New Happy Dad and Son 4,"$8,070,000",-,8070000,2021.csv,2021,-,100%
58,Your Eyes Tell,"$8,020,474",-,8020474,2020.csv,2020,-,100%
59,My Little Princess 2022 Re-release,"$8,018",-,8018,2022.csv,2022,-,100%
60,See for Me,"$79,411","$51,218",28193,2022.csv,2022,64.5%,35.5%
61,No Time to Die,"$774,153,007","$160,891,007",613262000,2021.csv,2021,20.8%,79.2%
62,Asterrarium,$772,-,772,2022.csv,2022,-,100%
63,Boonie Bears: The Wild Life,"$77,961,258",-,77961258,2021.csv,2021,-,100%
64,Candyman,"$77,411,570","$61,186,570",16225000,2021.csv,2021,79%,21%
65,The Forever Purge,"$76,994,245","$44,539,245",32455000,2021.csv,2021,57.8%,42.2%
66,Heart to Heart,"$759,972",-,759972,2022.csv,2022,-,100%
67,Placés,"$759,453",-,759453,2022.csv,2022,-,100%
68,1921,"$75,159,828",-,75159828,2021.csv,2021,-,100%
69,F9: The Fast Saga,"$726,229,501","$173,005,945",553223556,2021.csv,2021,23.8%,76.2%
70,"Love, Sex & Pandemic","$717,052",-,717052,2022.csv,2022,-,100%
71,Masal Zamani Melez Prenses,"$70,258",-,70258,2022.csv,2022,-,100%
72,Hitman's Wife's Bodyguard,"$70,060,492","$38,014,727",32045765,2021.csv,2021,54.3%,45.7%
73,Shattered,"$70,055",-,70055,2022.csv,2022,-,100%
74,The Medium,"$7,970,149",-,7970149,2021.csv,2021,-,100%
75,Koati,"$7,948",-,7948,2022.csv,2022,-,100%
76,AI Amok,"$7,932,191",-,7932191,2020.csv,2020,-,100%
77,Sunny Sisters,"$7,880,000",-,7880000,2021.csv,2021,-,100%
78,The Lost Prince,"$7,837,980",-,7837980,2020.csv,2020,-,100%
79,Antoinette dans les Cévennes,"$7,800,173",-,7800173,2020.csv,2020,-,100%
80,The Marriage Escape,"$7,760,946",-,7760946,2020.csv,2020,-,100%
81,Spirited Away Studio Ghibli Fest 2020,"$7,732,435",-,7732435,2020.csv,2020,-,100%
82,Smack Dab Kakha,"$7,692,780",-,7692780,2020.csv,2020,-,100%
83,Two by Two: Overboard!,"$7,682,182",-,7682182,2020.csv,2020,-,100%
84,Princess Mononoke Studio Ghibli Fest 2020,"$7,673,207",-,7673207,2020.csv,2020,-,100%
85,Söhretler Okulu,"$7,638",-,7638,2022.csv,2022,-,100%
86,Hard Hit,"$7,633,895",-,7633895,2021.csv,2021,-,100%
87,The Heist of the Century,"$7,627,100",-,7627100,2020.csv,2020,-,100%
88,Little Canned Men,"$7,600,000",-,7600000,2021.csv,2021,-,100%
89,Pushpa: The Rise - Part 1,"$7,592,374","$1,320,000",6272374,2021.csv,2021,17.4%,82.6%
90,Dzhigalou,"$7,578",-,7578,2022.csv,2022,-,100%
91,Ubit bossa,"$7,565",-,7565,2022.csv,2022,-,100%
92,Dad,"$7,544,581",-,7544581,2021.csv,2021,-,100%
93,The Mauritanian,"$7,527,030","$836,536",6690494,2021.csv,2021,11.1%,88.9%
94,The Ice Road,"$7,502,846",-,7502846,2021.csv,2021,-,100%
95,De Gaulle,"$7,501,454",-,7501454,2020.csv,2020,-,100%
96,Fukushima 50,"$7,494,243",-,7494243,2020.csv,2020,-,100%
97,"Turu, the Wacky Hen","$7,431,553",-,7431553,2020.csv,2020,-,100%
98,Love Letter 2021 Re-release,"$7,400,000",-,7400000,2021.csv,2021,-,100%
99,Super-héros malgré lui,"$7,375,119",-,7375119,2022.csv,2022,-,100%
100,'83,"$7,349,452","$4,055,660",3293792,2021.csv,2021,55.2%,44.8%
101,Signal: The Movie,"$7,344,186",-,7344186,2021.csv,2021,-,100%
102,The Best Years,"$7,340,132",-,7340132,2020.csv,2020,-,100%
103,Zayed 9,"$7,273",-,7273,2022.csv,2022,-,100%
104,Mark Hunt: The Fight of His Life,"$7,259",-,7259,2022.csv,2022,-,100%
105,Lost Illusions,"$7,248,237",-,7248237,2021.csv,2021,-,100%
106,Mamma Mia! Here We Go Again 2020 Re-release,"$7,209,678",-,7209678,2020.csv,2020,-,100%
107,Dear Tutu: Operation T-Rex,"$7,200,000",-,7200000,2021.csv,2021,-,100%
108,Water Boys,"$7,200,000",-,7200000,2021.csv,2021,-,100%
109,Couple from the Future,"$7,160,729",-,7160729,2021.csv,2021,-,100%
110,The (UN)perfect Guy,"$7,154,649",-,7154649,2020.csv,2020,-,100%
111,Bohemian Rhapsody 2020 Re-release,"$7,154,052","$240,000",6914052,2020.csv,2020,3.4%,96.6%
112,Contra,"$7,099,187",-,7099187,2021.csv,2021,-,100%
113,Back to the Wharf,"$7,090,000",-,7090000,2020.csv,2020,-,100%
114,Adu,"$7,085,946",-,7085946,2020.csv,2020,-,100%
115,Antebellum,"$7,060,384",-,7060384,2020.csv,2020,-,100%
116,Fatale,"$7,031,289","$6,306,897",724392,2020.csv,2020,89.7%,10.3%
117,America Latina,"$693,818",-,693818,2022.csv,2022,-,100%
118,Ghost in Transit,"$69,013",-,69013,2022.csv,2022,-,100%
119,Detective Chinatown 3,"$686,257,563",-,686257563,2021.csv,2021,-,100%
120,The Last Execution,"$68,529",-,68529,2022.csv,2022,-,100%
121,The Yin-Yang Master: Dream of Eternity,"$68,000,000",-,68000000,2020.csv,2020,-,100%
122,West Side Story,"$67,092,278","$37,309,162",29783116,2021.csv,2021,55.6%,44.4%
123,Mulan,"$66,800,000",-,66800000,2020.csv,2020,-,100%
124,Hello Jadoo: The Secret of Jeju Island,"$658,191",-,658191,2022.csv,2022,-,100%
125,Boiling Point,"$651,281",-,651281,2022.csv,2022,-,100%
126,Liubov i blohery,"$650,857",-,650857,2022.csv,2022,-,100%
127,The Conversation 2021 Re-release,"$65,764","$65,764",0,2022.csv,2022,100%,-
128,Stand by Me Doraemon 2,"$65,201,374",-,65201374,2020.csv,2020,-,100%
129,Adieu Paris,"$647,135",-,647135,2022.csv,2022,-,100%
130,Jujutsu Kaisen 0: The Movie,"$64,330,795",-,64330795,2021.csv,2021,-,100%
131,The Rescue,"$64,195,986","$18,797",64177189,2020.csv,2020,<0.1%,100%
132,Benden Ne Olur,"$639,014",-,639014,2022.csv,2022,-,100%
133,Belle,"$62,815,697","$3,821,762",58993935,2021.csv,2021,6.1%,93.9%
134,Tazza 2: The Hidden Card,"$61,756",-,61756,2022.csv,2022,-,100%
135,Love You Forever,"$60,670,799",-,60670799,2020.csv,2020,-,100%
136,Ron's Gone Wrong,"$60,660,840","$23,009,270",37651570,2021.csv,2021,37.9%,62.1%
137,Panghrun,"$60,244",-,60244,2022.csv,2022,-,100%
138,Spycies,"$6,989,285",-,6989285,2020.csv,2020,-,100%
139,Sooryavanshi,"$6,984,082","$3,547,776",3436306,2021.csv,2021,50.8%,49.2%
140,Extinct,"$6,927,641",-,6927641,2021.csv,2021,-,100%
141,Jim Button and the Wild 13,"$6,921,652",-,6921652,2020.csv,2020,-,100%
142,Are You Lonesome Tonight?,"$6,902,639",-,6902639,2021.csv,2021,-,100%
143,Psy 3: W imie zasad,"$6,725,146",-,6725146,2020.csv,2020,-,100%
144,Blood Moon Party,"$6,709,383",-,6709383,2020.csv,2020,-,100%
145,Dragon Rider,"$6,701,556",-,6701556,2020.csv,2020,-,100%
146,Innocence,"$6,659,968",-,6659968,2020.csv,2020,-,100%
147,Shubh Mangal Zyada Saavdhan,"$6,574,905",-,6574905,2020.csv,2020,-,100%
148,Chhapaak,"$6,532,100","$604,334",5927766,2020.csv,2020,9.3%,90.7%
149,"Love Me, Love Me Not","$6,494,241",-,6494241,2020.csv,2020,-,100%
150,Deadlock,"$6,491",-,6491,2022.csv,2022,-,100%
151,Detours,"$6,487",-,6487,2022.csv,2022,-,100%
152,Hammamet,"$6,434,874",-,6434874,2020.csv,2020,-,100%
153,Lindenberg! Mach dein Ding,"$6,404,964",-,6404964,2020.csv,2020,-,100%
154,Midnight Swan,"$6,397,065",-,6397065,2020.csv,2020,-,100%
155,Nausicaä of the Valley of the Wind 2020 Re-release,"$6,395,525",-,6395525,2020.csv,2020,-,100%
156,Simply Black,"$6,323,750",-,6323750,2020.csv,2020,-,100%
157,Wunderschön,"$6,300,000",-,6300000,2022.csv,2022,-,100%
158,My Boyfriend's Meds,"$6,292,780","$2,971,116",3321664,2020.csv,2020,47.2%,52.8%
159,Bill & Ted Face the Music,"$6,274,027","$3,439,660",2834367,2020.csv,2020,54.8%,45.2%
160,Hotel Belgrade,"$6,199,413",-,6199413,2020.csv,2020,-,100%
161,Mer Baky 4,"$6,040",-,6040,2022.csv,2022,-,100%
162,How to Be a Good Wife,"$6,029,102",-,6029102,2020.csv,2020,-,100%
163,The Legacy Of Dr. Death: Black File,"$6,024,046",-,6024046,2020.csv,2020,-,100%
164,Träume sind wie wilde Tiger,"$59,423",-,59423,2022.csv,2022,-,100%
165,The Grandmother,"$584,217",-,584217,2022.csv,2022,-,100%
166,Save the Cinema,"$58,640",-,58640,2022.csv,2022,-,100%
167,Cloudy Mountain,"$58,281,703",-,58281703,2021.csv,2021,-,100%
168,Avatar 2021 Re-release,"$57,566,409",-,57566409,2021.csv,2021,-,100%
169,Nezha Reborn,"$56,088,478",-,56088478,2021.csv,2021,-,100%
170,Nobody,"$55,405,035","$27,268,035",28137000,2021.csv,2021,49.2%,50.8%
171,Howl's Moving Castle 2022 Re-release,"$54,646",-,54646,2022.csv,2022,-,100%
172,Upcoming,"$54,300,000",-,54300000,2021.csv,2021,-,100%
173,Bangarraju,"$534,735",-,534735,2022.csv,2022,-,100%
174,Lynx,"$531,572",-,531572,2022.csv,2022,-,100%
175,Mult V Kino Vol 133,"$53,075",-,53075,2022.csv,2022,-,100%
176,Man in Love,"$52,946,097",-,52946097,2021.csv,2021,-,100%
177,Break Through the Darkness,"$52,700,000",-,52700000,2021.csv,2021,-,100%
178,Greenland,"$52,300,000",-,52300000,2020.csv,2020,-,100%
179,Tolo Tolo,"$52,186,426",-,52186426,2020.csv,2020,-,100%
180,Zlatni decko,"$516,236",-,516236,2022.csv,2022,-,100%
181,Estado impuro,$514,-,514,2022.csv,2022,-,100%
182,Escape Room: Tournament of Champions,"$51,914,753","$25,314,753",26600000,2021.csv,2021,48.8%,51.2%
183,Schemes in Antiques,"$51,637,422","$36,501",51600921,2021.csv,2021,<0.1%,99.9%
184,Venom: Let There Be Carnage,"$502,050,366","$213,550,366",288500000,2021.csv,2021,42.5%,57.5%
185,Vanguard,"$50,866,901","$793,525",50073376,2020.csv,2020,1.6%,98.4%
186,Jackass Forever,"$50,382,462","$40,105,833",10276629,2022.csv,2022,79.6%,20.4%
187,The Rhythm Section,"$5,989,583","$5,437,971",551612,2020.csv,2020,90.8%,9.2%
188,Jak zostalem gangsterem. Historia prawdziwa,"$5,975,729",-,5975729,2020.csv,2020,-,100%
189,The Lion King 2020 Re-release,"$5,948,352",-,5948352,2020.csv,2020,-,100%
190,Italian Studies,"$5,895","$5,895",0,2022.csv,2022,100%,-
191,Twiceborn,"$5,880,157","$11,527",5868630,2020.csv,2020,0.2%,99.8%
192,The Royal Bride,"$5,830,719",-,5830719,2020.csv,2020,-,100%
193,Caged Birds,"$5,828",-,5828,2022.csv,2022,-,100%
194,Beasts Clawing at Straws,"$5,796,059",-,5796059,2020.csv,2020,-,100%
195,Jumanji 2021 Re-release,"$5,788",-,5788,2022.csv,2022,-,100%
196,Last Film Show,"$5,783",-,5783,2022.csv,2022,-,100%
197,Alter Ego,"$5,733","$5,733",0,2022.csv,2022,100%,-
198,Last Letter,"$5,663,972",-,5663972,2020.csv,2020,-,100%
199,Yowamushi Pedal: The Movie 2020 Re-release,"$5,624,218",-,5624218,2020.csv,2020,-,100%
200,The Policeman's Lineage,"$5,613,691",-,5613691,2022.csv,2022,-,100%
201,Hocus Pocus 2020 Re-release,"$5,609,193","$4,828,000",781193,2020.csv,2020,86.1%,13.9%
202,Adieu Monsieur Haffmann,"$5,602,844",-,5602844,2022.csv,2022,-,100%
203,Klassikokkutulek 2: Pulmad ja matused,"$5,543,147",-,5543147,2020.csv,2020,-,100%
204,Mama Weed,"$5,432,038","$29,151",5402887,2020.csv,2020,0.5%,99.5%
205,Divorce Club,"$5,316,313",-,5316313,2020.csv,2020,-,100%
206,A Piece of Cake,"$5,253,994",-,5253994,2020.csv,2020,-,100%
207,Babi Yar. Context,"$5,240",-,5240,2022.csv,2022,-,100%
208,Cindy La Regia,"$5,222,322",-,5222322,2020.csv,2020,-,100%
209,Taming the Garden,"$5,205",-,5205,2022.csv,2022,-,100%
210,Run,"$5,184,368",-,5184368,2020.csv,2020,-,100%
211,Carona,"$5,123",-,5123,2022.csv,2022,-,100%
212,Love Aaj Kal,"$5,120,794",-,5120794,2020.csv,2020,-,100%
213,Masked Ward,"$5,107,013",-,5107013,2020.csv,2020,-,100%
214,Ayyappanum Koshiyum,"$5,088,713",-,5088713,2020.csv,2020,-,100%
215,Baba Parasi,"$5,084,342",-,5084342,2020.csv,2020,-,100%
216,Die Känguru-Chroniken,"$5,081,127",-,5081127,2020.csv,2020,-,100%
217,Disobedient,"$5,068",-,5068,2022.csv,2022,-,100%
218,Blacklight,"$5,060,238","$4,772,866",287372,2022.csv,2022,94.3%,5.7%
219,The Real Exorcist,"$5,035,830",-,5035830,2020.csv,2020,-,100%
220,Out in Force,"$5,022",-,5022,2022.csv,2022,-,100%
221,Mayday,"$5,011,408",-,5011408,2020.csv,2020,-,100%
222,Luca,"$49,750,471",-,49750471,2021.csv,2021,-,100%
223,Muu Ke Thuong Luu,"$49,344",-,49344,2022.csv,2022,-,100%
224,The New Mutants,"$49,169,594","$23,852,659",25316935,2020.csv,2020,48.5%,51.5%
225,Kaptan Pengu ve Arkadaslari 2,"$488,304",-,488304,2022.csv,2022,-,100%
226,Fireheart,"$486,910",-,486910,2022.csv,2022,-,100%
227,Water Gate Bridge,"$480,028,494",-,480028494,2022.csv,2022,-,100%
228,Sing a Bit of Harmony,"$48,915",-,48915,2022.csv,2022,-,100%
229,Fantasy Island,"$48,811,343","$27,309,289",21502054,2020.csv,2020,55.9%,44.1%
230,Art of the Dead,"$48,621",-,48621,2022.csv,2022,-,100%
231,Around the World in 80 Days,"$479,303",-,479303,2022.csv,2022,-,100%
232,After We Collided,"$47,990,414","$2,386,483",45603931,2020.csv,2020,5%,95%
233,"From Today, It's My Turn: The Movie","$47,866,854",-,47866854,2020.csv,2020,-,100%
234,Sewing Sisters,"$47,588",-,47588,2022.csv,2022,-,100%
235,Don't Breathe 2,"$47,312,950","$32,712,950",14600000,2021.csv,2021,69.1%,30.9%
236,Trolls World Tour,"$47,196,831",-,47196831,2020.csv,2020,-,100%
237,Godzilla vs. Kong,"$468,216,094","$100,916,094",367300000,2021.csv,2021,21.6%,78.4%
238,The Eight Hundred,"$461,421,559","$372,755",461048804,2020.csv,2020,<0.1%,99.9%
239,My Hero Academia: World Heroes' Mission,"$46,567,849","$12,271,658",34296191,2021.csv,2021,26.4%,73.6%
240,Mr. Landsbergis,"$46,298",-,46298,2022.csv,2022,-,100%
241,La notte più lunga dell'anno,"$46,124",-,46124,2022.csv,2022,-,100%
242,Demon Slayer: Mugen Train,"$454,779,627","$49,505,008",405274619,2020.csv,2020,10.9%,89.1%
243,Cow,"$45,678",-,45678,2022.csv,2022,-,100%
244,The French Dispatch,"$45,641,166","$16,124,375",29516791,2021.csv,2021,35.3%,64.7%
245,Fortress,"$45,617",-,45617,2022.csv,2022,-,100%
246,Blow-Up 2020 Re-release,"$45,418",-,45418,2022.csv,2022,-,100%
247,Tanhaji: The Unsung Warrior,"$45,221,814",-,45221814,2020.csv,2020,-,100%
248,Love Will Tear Us Apart,"$45,060,290",-,45060290,2021.csv,2021,-,100%
249,Gold,"$45,021",-,45021,2022.csv,2022,-,100%
250,Unhinged,"$44,331,465","$20,831,465",23500000,2020.csv,2020,47%,53%
251,Shang-Chi and the Legend of the Ten Rings,"$432,233,010","$224,543,292",207689718,2021.csv,2021,51.9%,48.1%
252,In the Heights,"$43,975,167","$29,975,167",14000000,2021.csv,2021,68.2%,31.8%
253,The End of Endless Love,"$43,950,000",-,43950000,2020.csv,2020,-,100%
254,Bad Boys for Life,"$426,505,244","$206,305,244",220200000,2020.csv,2020,48.4%,51.6%
255,"My People, My Homeland","$422,390,820",-,422390820,2020.csv,2020,-,100%
256,Only Fools Rush In,"$42,872",-,42872,2022.csv,2022,-,100%
257,Peninsula,"$42,698,327","$1,231,407",41466920,2020.csv,2020,2.9%,97.1%
258,Spirit Untamed,"$42,636,215","$17,635,215",25001000,2021.csv,2021,41.4%,58.6%
259,Ballad of a White Cow,"$42,467",-,42467,2022.csv,2022,-,100%
260,Monster Hunter,"$42,145,959","$15,162,470",26983489,2020.csv,2020,36%,64%
261,The Chef,"$416,658",-,416658,2022.csv,2022,-,100%
262,Eternals,"$402,064,899","$164,870,234",237194665,2021.csv,2021,41%,59%
263,Dune,"$400,212,452","$107,868,493",292343959,2021.csv,2021,27%,73%
264,Underwater,"$40,882,928","$17,291,078",23591850,2020.csv,2020,42.3%,57.7%
265,The War with Grandpa,"$40,709,936","$21,277,892",19432044,2020.csv,2020,52.3%,47.7%
266,Spiral,"$40,618,920","$23,216,862",17402058,2021.csv,2021,57.2%,42.8%
267,Snake Eyes,"$40,064,325","$28,264,325",11800000,2021.csv,2021,70.5%,29.5%
268,Kingmaker,"$4,998,561",-,4998561,2022.csv,2022,-,100%
269,Bheeshma,"$4,997,080",-,4997080,2020.csv,2020,-,100%
270,Sila Nerangalil Sila Manidhargal,"$4,991",-,4991,2022.csv,2022,-,100%
271,Made in Abyss: Dawn of the Deep Soul,"$4,971,635",-,4971635,2020.csv,2020,-,100%
272,Godai - The Wunderkind,"$4,948,225",-,4948225,2020.csv,2020,-,100%
273,Hit the Road,"$4,930",-,4930,2022.csv,2022,-,100%
274,Military Wives,"$4,889,252",-,4889252,2020.csv,2020,-,100%
275,Panga,"$4,886,124","$582,720",4303404,2020.csv,2020,11.9%,88.1%
276,The Tales for Old and Young,"$4,853,143",-,4853143,2020.csv,2020,-,100%
277,Streltsov,"$4,850,073",-,4850073,2020.csv,2020,-,100%
278,Between Two Worlds,"$4,847,590",-,4847590,2022.csv,2022,-,100%
279,The SpongeBob Movie: Sponge on the Run,"$4,810,790","$4,810,790",0,2020.csv,2020,100%,-
280,The Empty Man,"$4,796,993","$2,992,948",1804045,2020.csv,2020,62.4%,37.6%
281,The Vets,"$4,788,826",-,4788826,2020.csv,2020,-,100%
282,The Broken Hearts Gallery,"$4,781,389","$4,067,442",713947,2020.csv,2020,85.1%,14.9%
283,Tokyo Story (Colorized Version),"$4,616",-,4616,2022.csv,2022,-,100%
284,Waiting for Bojangles,"$4,405,010",-,4405010,2022.csv,2022,-,100%
285,Vaillante,"$4,082,190",-,4082190,2022.csv,2022,-,100%
286,Tokyo Revengers,"$39,687,069",-,39687069,2021.csv,2021,-,100%
287,Nomadland,"$39,458,207","$3,700,000",35758207,2021.csv,2021,9.4%,90.6%
288,Resident Evil: Welcome to Raccoon City,"$38,600,046","$17,000,046",21600000,2021.csv,2021,44%,56%
289,Black Widow,"$379,631,351","$183,651,655",195979696,2021.csv,2021,48.4%,51.6%
290,Death on the Nile,"$37,949,499","$17,032,346",20917153,2022.csv,2022,44.9%,55.1%
291,The Yinyang Master,"$37,690,000",-,37690000,2021.csv,2021,-,100%
292,"That Day, on the Beach","$37,482",-,37482,2022.csv,2022,-,100%
293,Sarileru Neekevvaru,"$37,389,889","$821,000",36568889,2020.csv,2020,2.2%,97.8%
294,Tenet,"$363,656,624","$58,456,624",305200000,2020.csv,2020,16.1%,83.9%
295,Rurouni Kenshin: Final Chapter Part I - The Final,"$36,964,978",-,36964978,2021.csv,2021,-,100%
296,New Interpretation Records of the Three Kingdoms,"$36,747,486",-,36747486,2020.csv,2020,-,100%
297,The Confidence Man JP: Princess,"$36,109,913",-,36109913,2020.csv,2020,-,100%
298,The Door Lock,"$36,100,000",-,36100000,2021.csv,2021,-,100%
299,Arashi Anniversary Tour 5 x 20 Film: Record of Memories,"$36,065,638",-,36065638,2021.csv,2021,-,100%
300,The Glance of Music,"$350,503",-,350503,2022.csv,2022,-,100%
301,Nitram,"$344,826",-,344826,2022.csv,2022,-,100%
302,I Fell in Love Like a Flower Bouquet,"$34,975,905",-,34975905,2021.csv,2021,-,100%
303,The Man Standing Next,"$34,664,900","$113,527",34551373,2020.csv,2020,0.3%,99.7%
304,My Mom is a Character 3,"$34,360,029",-,34360029,2020.csv,2020,-,100%
305,King Richard,"$34,250,166","$14,931,337",19318829,2021.csv,2021,43.6%,56.4%
306,Thunderbirds Go Go,"$331,934",-,331934,2022.csv,2022,-,100%
307,Free Guy,"$331,503,757","$121,626,598",209877159,2021.csv,2021,36.7%,63.3%
308,Malignant,"$33,991,791","$13,391,791",20600000,2021.csv,2021,39.4%,60.6%
309,Doraemon the Movie: Nobita's New Dinosaur,"$33,942,341",-,33942341,2020.csv,2020,-,100%
310,Nalan,"$33,925",-,33925,2022.csv,2022,-,100%
311,Deliver Us from Evil,"$33,718,703",-,33718703,2020.csv,2020,-,100%
312,Nightmare Alley,"$33,557,500","$11,047,389",22510111,2021.csv,2021,32.9%,67.1%
313,Bloodshot,"$33,542,457","$12,561,824",20980633,2020.csv,2020,37.5%,62.5%
314,"That Day, on the Beach 2022 Re-release","$33,046",-,33046,2022.csv,2022,-,100%
315,Paw Patrol: Mission Xmas,"$320,402",-,320402,2022.csv,2022,-,100%
316,We Are Nothing,"$32,876",-,32876,2022.csv,2022,-,100%
317,Big Red Envelope,"$32,800,000",-,32800000,2021.csv,2021,-,100%
318,Masquerade Night,"$32,287,400",-,32287400,2021.csv,2021,-,100%
319,Once Upon a Time in Hong Kong,"$32,218,874",-,32218874,2021.csv,2021,-,100%
320,Petya na moyata Petya,"$32,209",-,32209,2022.csv,2022,-,100%
321,Home Sweet Home,"$32,178,677",-,32178677,2021.csv,2021,-,100%
322,Sonic the Hedgehog,"$319,715,683","$148,974,665",170741018,2020.csv,2020,46.6%,53.4%
323,Clean,"$315,448","$315,448",0,2022.csv,2022,100%,-
324,Sing 2,"$311,687,680","$144,194,680",167493000,2021.csv,2021,46.3%,53.7%
325,Respect,"$31,765,870","$24,278,399",7487471,2021.csv,2021,76.4%,23.6%
326,Harry Potter and the Sorcerer's Stone 2020 Re-release,"$31,501,815",-,31501815,2020.csv,2020,-,100%
327,Honest Thief,"$31,220,247","$14,163,574",17056673,2020.csv,2020,45.4%,54.6%
328,Fritanga Express,"$31,153",-,31153,2022.csv,2022,-,100%
329,The Unholy,"$30,832,137","$15,532,137",15300000,2021.csv,2021,50.4%,49.6%
330,The Last Duel,"$30,552,111","$10,853,945",19698166,2021.csv,2021,35.5%,64.5%
331,Like a Boss,"$30,399,490","$22,169,514",8229976,2020.csv,2020,72.9%,27.1%
332,Mission Extreme,"$3,981",-,3981,2022.csv,2022,-,100%
333,Koniec swiata czyli Kogel Mogel 4,"$3,871,192",-,3871192,2022.csv,2022,-,100%
334,Zone 414,"$3,703",-,3703,2022.csv,2022,-,100%
335,Arekalar,"$3,599",-,3599,2022.csv,2022,-,100%
336,The Maid,"$3,475",-,3475,2022.csv,2022,-,100%
337,Special Delivery,"$3,464,888",-,3464888,2022.csv,2022,-,100%
338,A Quiet Place Part II,"$297,372,261","$160,072,261",137300000,2021.csv,2021,53.8%,46.2%
339,The Little Things,"$29,942,746","$15,342,746",14600000,2021.csv,2021,51.2%,48.8%
340,Escape from Mogadishu,"$29,855,981","$346,271",29509710,2021.csv,2021,1.2%,98.8%
341,Dilberay Küçük Dev Kadin,"$284,405",-,284405,2022.csv,2022,-,100%
342,Bath Buddy,"$28,700,000",-,28700000,2020.csv,2020,-,100%
343,Master,"$28,692,230",-,28692230,2021.csv,2021,-,100%
344,C.I.Ape,"$28,517",-,28517,2022.csv,2022,-,100%
345,Ala Vaikunthapurramuloo,"$28,477,890",-,28477890,2020.csv,2020,-,100%
346,The Last Warrior: A Messenger of Darkness,"$28,431,360",-,28431360,2021.csv,2021,-,100%
347,The Last Warrior: Root of Evil,"$28,357,398",-,28357398,2021.csv,2021,-,100%
348,Un Rabón con Corazón,"$272,584",-,272584,2022.csv,2022,-,100%
349,Embrace Again,"$27,157",-,27157,2022.csv,2022,-,100%
350,Scoob!,"$27,088,425","$2,188,425",24900000,2020.csv,2020,8.1%,91.9%
351,Beyond Live Nct: Resonance,"$266,442",-,266442,2022.csv,2022,-,100%
352,The Witches,"$26,900,000",-,26900000,2020.csv,2020,-,100%
353,Chaos Walking,"$26,508,132","$13,287,908",13220224,2021.csv,2021,50.1%,49.9%
354,Belfast,"$26,469,040","$8,044,040",18425000,2021.csv,2021,30.4%,69.6%
355,Emma.,"$26,404,660","$10,055,355",16349305,2020.csv,2020,38.1%,61.9%
356,American Underdog,"$26,385,316","$26,385,316",0,2021.csv,2021,100%,-
357,The 355,"$26,291,706","$14,529,065",11762641,2022.csv,2022,55.3%,44.7%
358,Mariya,"$26,107",-,26107,2022.csv,2022,-,100%
359,The Courier,"$26,000,711","$6,613,432",19387279,2021.csv,2021,25.4%,74.6%
360,Last Looks,"$257,630",-,257630,2022.csv,2022,-,100%
361,Secret Name,"$254,609",-,254609,2022.csv,2022,-,100%
362,Leap,"$25,818,882","$83,074",25735808,2020.csv,2020,0.3%,99.7%
363,Düs Pesine,"$25,416",-,25416,2022.csv,2022,-,100%
364,Dolittle,"$245,438,444","$77,047,065",168391379,2020.csv,2020,31.4%,68.6%
365,Legend of Deification,"$240,663,149","$214,670",240448479,2020.csv,2020,<0.1%,99.9%
366,Moonfall,"$24,949,833","$16,285,954",8663879,2022.csv,2022,65.3%,34.7%
367,The Father,"$24,289,294","$2,122,771",22166523,2020.csv,2020,8.7%,91.3%
368,Shortbus 2022 Re-release (Restoration),"$24,200","$24,200",0,2022.csv,2022,100%,-
369,Licorice Pizza,"$24,193,955","$14,445,955",9748000,2021.csv,2021,59.7%,40.3%
370,Encanto,"$239,998,516","$94,373,983",145624533,2021.csv,2021,39.3%,60.7%
371,Naai Sekar,"$237,861",-,237861,2022.csv,2022,-,100%
372,Cruella,"$233,274,812","$86,103,234",147171578,2021.csv,2021,36.9%,63.1%
373,Interstellar 2020 Re-release,"$23,771,122",-,23771122,2020.csv,2020,-,100%
374,Yildizlar Da Kayar,"$23,558",-,23558,2022.csv,2022,-,100%
375,Those Who Wish Me Dead,"$23,468,586","$7,407,200",16061386,2021.csv,2021,31.6%,68.4%
376,Know Fear,"$23,309",-,23309,2022.csv,2022,-,100%
377,Kara Neme: Gelin Deresi,"$23,177",-,23177,2022.csv,2022,-,100%
378,The Marksman,"$23,076,711","$15,566,093",7510618,2021.csv,2021,67.5%,32.5%
379,The Best Weekend,"$224,062",-,224062,2022.csv,2022,-,100%
380,Sundown,"$221,725","$221,725",0,2022.csv,2022,100%,-
381,"My Country, My Parents","$221,701,823","$166,807",221535016,2021.csv,2021,<0.1%,99.9%
382,Jungle Cruise,"$220,889,446","$116,987,516",103901930,2021.csv,2021,53%,47%
383,Last Night in Soho,"$22,957,625","$10,127,625",12830000,2021.csv,2021,44.1%,55.9%
384,The Day We Lit Up the Sky,"$22,500,000",-,22500000,2021.csv,2021,-,100%
385,Gretel & Hansel,"$22,051,055","$15,347,654",6703401,2020.csv,2020,69.6%,30.4%
386,Too Cool to Kill,"$217,000,000",-,217000000,2022.csv,2022,-,100%
387,A Little Red Flower,"$216,000,000",-,216000000,2020.csv,2020,-,100%
388,The Croods 2: A New Age,"$215,905,815","$58,568,815",157337000,2020.csv,2020,27.1%,72.9%
389,Kaamelott: First Installment,"$21,962,844","$188,000",21774844,2021.csv,2021,0.9%,99.1%
390,Poupelle of Chimney Town,"$21,830,600",-,21830600,2020.csv,2020,-,100%
391,Spravzhnii Santa,"$21,719",-,21719,2022.csv,2022,-,100%
392,After We Fell,"$21,584,600","$2,170,750",19413850,2021.csv,2021,10.1%,89.9%
393,Uncharted,"$21,500,000",-,21500000,2022.csv,2022,-,100%
394,Rurouni Kenshin: Final Chapter Part II - The Beginning,"$21,318,560",-,21318560,2021.csv,2021,-,100%
395,Stigmatized Properties,"$21,276,720",-,21276720,2020.csv,2020,-,100%
396,Wish Dragon,"$21,120,000",-,21120000,2021.csv,2021,-,100%
397,Pokémon the Movie: Secrets of the Jungle,"$21,097,921",-,21097921,2020.csv,2020,-,100%
398,Raging Fire,"$205,846,481","$385,305",205461176,2021.csv,2021,0.2%,99.8%
399,My Wonderful Wanda,"$202,048",-,202048,2022.csv,2022,-,100%
400,The Conjuring: The Devil Made Me Do It,"$202,031,050","$65,631,050",136400000,2021.csv,2021,32.5%,67.5%
401,Birds of Prey,"$201,858,461","$84,158,461",117700000,2020.csv,2020,41.7%,58.3%
402,The Photograph,"$20,690,779","$20,578,185",112594,2020.csv,2020,99.5%,0.5%
403,Marry Me,"$20,635,930","$12,021,930",8614000,2022.csv,2022,58.3%,41.7%
404,Spencer,"$20,538,073","$7,086,632",13451441,2021.csv,2021,34.5%,65.5%
405,Yarn,"$20,474,270",-,20474270,2020.csv,2020,-,100%
406,Violet Evergarden: The Movie,"$20,339,624",-,20339624,2020.csv,2020,-,100%
407,Brahms: The Boy II,"$20,311,536","$12,611,536",7700000,2020.csv,2020,62.1%,37.9%
408,Abbi Fede,"$2,900",-,2900,2022.csv,2022,-,100%
409,Beautiful Minds,"$2,784,162",-,2784162,2022.csv,2022,-,100%
410,Chia Khoa Tram Ty,"$2,597,972",-,2597972,2022.csv,2022,-,100%
411,Eduardo and Monica,"$2,468",-,2468,2022.csv,2022,-,100%
412,Canim Dayim,"$2,205",-,2205,2022.csv,2022,-,100%
413,The Beatles: Get Back - The Rooftop Concert,"$2,130,269","$930,269",1200000,2022.csv,2022,43.7%,56.3%
414,Promises,"$2,101,180",-,2101180,2022.csv,2022,-,100%
415,Shock Wave 2,"$198,921,659",-,198921659,2020.csv,2020,-,100%
416,Chinese Doctors,"$197,143,218",-,197143218,2021.csv,2021,-,100%
417,Ghostbusters: Afterlife,"$197,063,011","$129,063,011",68000000,2021.csv,2021,65.5%,34.5%
418,Emergency Situation,"$196,534",-,196534,2022.csv,2022,-,100%
419,Portret neznakomtsa,"$19,968",-,19968,2022.csv,2022,-,100%
420,Ice 2,"$19,788,995",-,19788995,2020.csv,2020,-,100%
421,Nashi deti,"$19,749",-,19749,2022.csv,2022,-,100%
422,Stillwater,"$19,672,073","$14,465,535",5206538,2021.csv,2021,73.5%,26.5%
423,Soul Snatcher,"$19,561,221",-,19561221,2020.csv,2020,-,100%
424,The Turning,"$19,428,166","$15,472,775",3955391,2020.csv,2020,79.6%,20.4%
425,Les Tuche 4,"$19,259,766",-,19259766,2021.csv,2021,-,100%
426,The Commando,"$19,253",-,19253,2022.csv,2022,-,100%
427,Fate/Stay Night: Heaven's Feel - III. Spring Song,"$19,252,497","$200,000",19052497,2020.csv,2020,1%,99%
428,Candlelight Revolution,"$19,153",-,19153,2022.csv,2022,-,100%
429,Dear Evan Hansen,"$19,021,477","$15,002,646",4018831,2021.csv,2021,78.9%,21.1%
430,Super Sharanya,"$187,264",-,187264,2022.csv,2022,-,100%
431,Jang Minho Drama,"$185,373",-,185373,2022.csv,2022,-,100%
432,Cliff Walkers,"$181,325,565","$152,972",181172593,2021.csv,2021,<0.1%,99.9%
433,The Pioneer,"$18,900,000",-,18900000,2021.csv,2021,-,100%
434,The Green Knight,"$18,888,418","$17,173,321",1715097,2021.csv,2021,90.9%,9.1%
435,Antlers,"$18,867,659","$10,619,670",8247989,2021.csv,2021,56.3%,43.7%
436,Sinkhole,"$18,804,231",-,18804231,2021.csv,2021,-,100%
437,Mobile Suit Gundam: Hathaway,"$18,731,309",-,18731309,2021.csv,2021,-,100%
438,Takizawa Enbujo Zero,"$18,091,395",-,18091395,2020.csv,2020,-,100%
439,The Stronghold,"$18,066,143",-,18066143,2021.csv,2021,-,100%
440,BanG Dream! Poppin'Dream!,"$175,529",-,175529,2022.csv,2022,-,100%
441,Rosy,"$170,246",-,170246,2022.csv,2022,-,100%
442,A Vanishing Fog,"$17,959",-,17959,2022.csv,2022,-,100%
443,The Promised Neverland,"$17,698,106",-,17698106,2020.csv,2020,-,100%
444,Kaiji: Final Game,"$17,645,779",-,17645779,2020.csv,2020,-,100%
445,Hitman: Agent Jun,"$17,601,351",-,17601351,2020.csv,2020,-,100%
446,Bo Gia,"$17,480,489","$350,000",17130489,2021.csv,2021,2%,98%
447,The Dry,"$17,392,594","$364,237",17028357,2021.csv,2021,2.1%,97.9%
448,Gintama: The Final,"$17,252,960",-,17252960,2021.csv,2021,-,100%
449,Railway Heroes,"$17,222,703",-,17222703,2021.csv,2021,-,100%
450,Promising Young Woman,"$17,135,557","$6,460,965",10674592,2020.csv,2020,37.7%,62.3%
451,Digimon Adventure: Last Evolution Kizuna,"$17,096,687",-,17096687,2020.csv,2020,-,100%
452,Cumali Ceber 666,"$17,009",-,17009,2022.csv,2022,-,100%
453,Al Gareema,"$167,833",-,167833,2022.csv,2022,-,100%
454,The Suicide Squad,"$167,417,425","$55,817,425",111600000,2021.csv,2021,33.3%,66.7%
455,Wonder Woman 1984,"$166,801,036","$46,801,036",120000000,2020.csv,2020,28.1%,71.9%
456,The Grandson,"$164,306",-,164306,2022.csv,2022,-,100%
457,Space Jam: A New Legacy,"$162,892,228","$70,592,228",92300000,2021.csv,2021,43.3%,56.7%
458,The Sacrifice,"$161,047,608",-,161047608,2020.csv,2020,-,100%
459,Bye Bye Morons,"$16,955,173",-,16955173,2020.csv,2020,-,100%
460,Baaghi 3,"$16,726,510","$721,439",16005071,2020.csv,2020,4.3%,95.7%
461,I Still Believe,"$16,069,730","$9,868,521",6201209,2020.csv,2020,61.4%,38.6%
462,The Matrix Resurrections,"$156,473,077","$37,584,847",118888230,2021.csv,2021,24%,76%
463,Peter Rabbit 2: The Runaway,"$153,901,717","$40,501,717",113400000,2021.csv,2021,26.3%,73.7%
464,Anka,"$152,402",-,152402,2022.csv,2022,-,100%
465,House of Gucci,"$152,011,943","$53,706,943",98305000,2021.csv,2021,35.3%,64.7%
466,A Writer's Odyssey,"$150,123,320","$160,013",149963307,2021.csv,2021,0.1%,99.9%
467,Upon the Magic Roads,"$15,990,882",-,15990882,2021.csv,2021,-,100%
468,Freaky,"$15,920,855","$9,030,855",6890000,2020.csv,2020,56.7%,43.3%
469,Reminiscence,"$15,800,193","$3,900,193",11900000,2021.csv,2021,24.7%,75.3%
470,Mothers of the Revolution,"$15,730",-,15730,2022.csv,2022,-,100%
471,Your Turn to Kill,"$15,476,242",-,15476242,2021.csv,2021,-,100%
472,The Night House,"$15,437,703","$7,100,581",8337122,2021.csv,2021,46%,54%
473,Parallel Mothers,"$15,421,838","$1,554,604",13867234,2021.csv,2021,10.1%,89.9%
474,The Sadness,"$15,375",-,15375,2022.csv,2022,-,100%
475,Padre no hay más que uno 2: La llegada de la suegra,"$15,373,181",-,15373181,2020.csv,2020,-,100%
476,Lobis,"$15,359",-,15359,2022.csv,2022,-,100%
477,Minari,"$15,322,552","$3,110,580",12211972,2021.csv,2021,20.3%,79.7%
478,Something About Love,"$15,204,017",-,15204017,2021.csv,2021,-,100%
479,Brighton 4th,"$15,193","$15,193",0,2022.csv,2022,100%,-
480,Anita,"$15,026,604","$556,632",14469972,2021.csv,2021,3.7%,96.3%
481,Arthur Rambo,"$148,312",-,148312,2022.csv,2022,-,100%
482,The Boss Baby: Family Business,"$146,745,280","$57,300,280",89445000,2021.csv,2021,39%,61%
483,PAW Patrol: The Movie,"$144,327,371","$40,127,371",104200000,2021.csv,2021,27.8%,72.2%
484,Pups Alone,"$144,216",-,144216,2022.csv,2022,-,100%
485,The Invisible Man,"$143,151,000","$70,410,000",72741000,2020.csv,2020,49.2%,50.8%
486,Onward,"$141,940,042","$61,555,145",80384897,2020.csv,2020,43.4%,56.6%
487,The Wolf and the Lion,"$14,759,382","$1,039,248",13720134,2021.csv,2021,7%,93%
488,The Way Back,"$14,690,514","$13,590,514",1100000,2020.csv,2020,92.5%,7.5%
489,The Tomorrow War,"$14,400,000",-,14400000,2021.csv,2021,-,100%
490,The Personal History of David Copperfield,"$14,399,270","$1,876,298",12522972,2020.csv,2020,13%,87%
491,"And, the Baton Was Passed","$14,368,469",-,14368469,2021.csv,2021,-,100%
492,Cry Macho,"$14,340,402","$10,310,734",4029668,2021.csv,2021,71.9%,28.1%
493,Nightlife,"$14,308,789",-,14308789,2020.csv,2020,-,100%
494,99.9 Criminal Lawyer: The Movie,"$14,269,321",-,14269321,2021.csv,2021,-,100%
495,Pawn,"$14,193,957",-,14193957,2020.csv,2020,-,100%
496,Crayon Shin-chan: Shrouded in Mystery! The Flowers of Tenkazu Academy,"$14,059,824",-,14059824,2021.csv,2021,-,100%
497,Book of Love,"$138,394",-,138394,2022.csv,2022,-,100%
498,Tom and Jerry,"$133,336,687","$46,536,687",86800000,2021.csv,2021,34.9%,65.1%
499,Jane by Charlotte,"$133,152",-,133152,2022.csv,2022,-,100%
500,Be Somebody,"$132,324,831",-,132324831,2021.csv,2021,-,100%
501,Stop-Zemlia,"$131,843",-,131843,2022.csv,2022,-,100%
502,Halloween Kills,"$131,647,155","$92,002,155",39645000,2021.csv,2021,69.9%,30.1%
503,Raya and the Last Dragon,"$130,281,158","$54,723,032",75558126,2021.csv,2021,42%,58%
504,Sword Art Online: Progressive - Aria of a Starless Night,"$13,769,821","$1,050,000",12719821,2021.csv,2021,7.6%,92.4%
505,Christmas with the Chosen: The Messengers,"$13,728,000","$13,728,000",0,2021.csv,2021,100%,-
506,OSS 117: From Africa with Love,"$13,435,888",-,13435888,2021.csv,2021,-,100%
507,#Alive,"$13,432,212",-,13432212,2020.csv,2020,-,100%
508,Howling Village,"$13,394,556",-,13394556,2020.csv,2020,-,100%
509,Come Play,"$13,182,254","$10,475,990",2706264,2020.csv,2020,79.5%,20.5%
510,Hostage: Missing Celebrity,"$13,125,970",-,13125970,2021.csv,2021,-,100%
511,Eiffel,"$13,061,937",-,13061937,2021.csv,2021,-,100%
512,Vakeel Saab,"$13,056,490",-,13056490,2021.csv,2021,-,100%
513,Monkey King Reborn,"$13,002,635",-,13002635,2021.csv,2021,-,100%
514,Scream,"$129,768,594","$74,568,594",55200000,2022.csv,2022,57.5%,42.5%
515,Warm Hug,"$129,240,236",-,129240236,2020.csv,2020,-,100%
516,Sister,"$128,317,206",-,128317206,2021.csv,2021,-,100%
517,Gamestop: Rise of the Players,"$126,297","$126,297",0,2022.csv,2022,100%,-
518,Afacanlar: Is Basa Düstü,"$124,628",-,124628,2022.csv,2022,-,100%
519,The King's Man,"$123,960,296","$36,901,741",87058555,2021.csv,2021,29.8%,70.2%
520,100 días con la Tata,"$123,609",-,123609,2022.csv,2022,-,100%
521,Soul,"$120,957,731",-,120957731,2020.csv,2020,-,100%
522,Olga,"$12,939",-,12939,2022.csv,2022,-,100%
523,No Escapes,"$12,916,151",-,12916151,2021.csv,2021,-,100%
524,The Bodin's in the Land of Smile,"$12,872,253",-,12872253,2021.csv,2021,-,100%
525,Samjin Company English Class,"$12,761,386",-,12761386,2020.csv,2020,-,100%
526,The Many Saints of Newark,"$12,737,403","$8,237,403",4500000,2021.csv,2021,64.7%,35.3%
527,Another Round,"$12,686,885",-,12686885,2020.csv,2020,-,100%
528,News of the World,"$12,668,325","$12,668,325",0,2020.csv,2020,100%,-
529,Collectors,"$12,640,113",-,12640113,2020.csv,2020,-,100%
530,Character,"$12,571,501",-,12571501,2021.csv,2021,-,100%
531,School of Magical Animals,"$12,231,509",-,12231509,2021.csv,2021,-,100%
532,Shinchan: Crash! Scribble Kingdom and Almost Four Heroes,"$12,221,804",-,12221804,2020.csv,2020,-,100%
533,Doineann,"$12,175",-,12175,2022.csv,2022,-,100%
534,Ducobu 3,"$12,157,793",-,12157793,2020.csv,2020,-,100%
535,On Your Mark,"$12,100,000",-,12100000,2021.csv,2021,-,100%
536,The Addams Family 2,"$119,815,153","$56,489,153",63326000,2021.csv,2021,47.1%,52.9%
537,Opera Mundi: Rigoletto Experientia,"$116,354",-,116354,2022.csv,2022,-,100%
538,My Love,"$114,016,434","$86,252",113930182,2021.csv,2021,<0.1%,99.9%
539,The Call of the Wild,"$111,105,497","$62,342,368",48763129,2020.csv,2020,56.1%,43.9%
540,Stand by Me,"$11,900,000",-,11900000,2021.csv,2021,-,100%
541,Legend No. 17,"$11,811,335",-,11811335,2020.csv,2020,-,100%
542,On the Line,"$11,772,156",-,11772156,2021.csv,2021,-,100%
543,Wotakoi: Love Is Hard for Otaku,"$11,702,371",-,11702371,2020.csv,2020,-,100%
544,Let Him Go,"$11,630,934","$9,358,025",2272909,2020.csv,2020,80.5%,19.5%
545,The Crusade,"$11,490",-,11490,2022.csv,2022,-,100%
546,The Hunt,"$11,481,750","$5,812,500",5669250,2020.csv,2020,50.6%,49.4%
547,The Fable: The Killer Who Doesn't Kill,"$11,325,545",-,11325545,2021.csv,2021,-,100%
548,What Did You Eat Yesterday?,"$11,320,893",-,11320893,2021.csv,2021,-,100%
549,Friday the 13th 2021 Re-release,"$11,064",-,11064,2022.csv,2022,-,100%
550,Aline,"$11,012,401","$588,430",10423971,2021.csv,2021,5.3%,94.7%
551,Project 'Gemini',"$105,631",-,105631,2022.csv,2022,-,100%
552,Wrath of Man,"$103,966,489","$27,466,489",76500000,2021.csv,2021,26.4%,73.6%
553,Clifford the Big Red Dog,"$100,247,356","$48,947,356",51300000,2021.csv,2021,48.8%,51.2%
554,30 jours max,"$10,998,969",-,10998969,2020.csv,2020,-,100%
555,The Voice of Sin,"$10,983,063",-,10983063,2020.csv,2020,-,100%
556,Bigfoot Family,"$10,855,626",-,10855626,2020.csv,2020,-,100%
557,Harry Potter and the Sorcerer's Stone 2021 Re-release,"$10,795,457","$799,342",9996115,2021.csv,2021,7.4%,92.6%
558,Me contro Te - Il film: La vendetta del Signor S,"$10,779,891",-,10779891,2020.csv,2020,-,100%
559,One Second,"$10,750,202",-,10750202,2020.csv,2020,-,100%
560,Impractical Jokers: The Movie,"$10,691,091","$10,691,091",0,2020.csv,2020,100%,-
561,Honest Candidate,"$10,597,464",-,10597464,2020.csv,2020,-,100%
562,Krack,"$10,442,916",-,10442916,2021.csv,2021,-,100%
563,Kaiserschmarrndrama,"$10,357,720",-,10357720,2021.csv,2021,-,100%
564,"Caution, Hazardous Wife: The Movie","$10,356,359",-,10356359,2021.csv,2021,-,100%
565,Realm of Terracotta,"$10,341,512",-,10341512,2021.csv,2021,-,100%
566,Street Dancer 3D,"$10,339,127",-,10339127,2020.csv,2020,-,100%
567,Detective Conan: The Scarlet Alibi,"$10,308,627",-,10308627,2021.csv,2021,-,100%
568,Never Stop,"$10,224,935",-,10224935,2021.csv,2021,-,100%
569,My Spy,"$10,200,000",-,10200000,2020.csv,2020,-,100%
570,Lübbey'in Laneti,"$10,187",-,10187,2022.csv,2022,-,100%
571,The Asadas,"$10,066,797",-,10066797,2020.csv,2020,-,100%
572,Beauty and the Beast 2020 Re-release,"$10,055,094","$467,000",9588094,2020.csv,2020,4.6%,95.4%
573,Lines,"$1,977",-,1977,2022.csv,2022,-,100%
574,Gelin,"$1,955",-,1955,2022.csv,2022,-,100%
575,The Young Lovers,"$1,816,970",-,1816970,2022.csv,2022,-,100%
576,Spider-Man: No Way Home,"$1,808,739,012","$761,739,012",1047000000,2021.csv,2021,42.1%,57.9%
577,Chuyen Ma Gan Nhà,"$1,795,484",-,1795484,2022.csv,2022,-,100%
578,The King's Daughter,"$1,730,793","$1,730,793",0,2022.csv,2022,100%,-
579,Hridayam,"$1,713,508",-,1713508,2022.csv,2022,-,100%
580,Aslan Hürkus Kayip Elmas,"$1,685,827",-,1685827,2022.csv,2022,-,100%
581,"8 rzeczy, których nie wiecie o facetach","$1,554,861",-,1554861,2022.csv,2022,-,100%
582,Gierek,"$1,531,831",-,1531831,2022.csv,2022,-,100%
583,For Ziko,"$1,446,445",-,1446445,2022.csv,2022,-,100%
584,Love Is Better Than Life,"$1,410,719",-,1410719,2022.csv,2022,-,100%
585,Moraba'A Bermuda,"$1,372",-,1372,2022.csv,2022,-,100%
586,Vidhi,"$1,352",-,1352,2022.csv,2022,-,100%
587,Hive,"$1,322",-,1322,2022.csv,2022,-,100%
588,Night Raiders,"$1,281",-,1281,2022.csv,2022,-,100%
589,The Girl and the Spider,"$1,261",-,1261,2022.csv,2022,-,100%
590,Nhà Khong Bán,"$1,216,452",-,1216452,2022.csv,2022,-,100%
591,The Beatles: Get Back,"$1,214,743",-,1214743,2022.csv,2022,-,100%
592,The Wild Life,"$1,212",-,1212,2022.csv,2022,-,100%
593,Swingers,"$1,139,284",-,1139284,2022.csv,2022,-,100%
594,1990,"$1,071,242",-,1071242,2022.csv,2022,-,100%
595,28½,"$1,066",-,1066,2022.csv,2022,-,100%
596,Ninjababy,"$1,046",-,1046,2022.csv,2022,-,100%
597,The Butcher's Daughter,"$1,033,162",-,1033162,2022.csv,2022,-,100%
598,Rowdy Boys,"$1,029",-,1029,2022.csv,2022,-,100%
599,Veerame Vaagai Soodum,"$1,024,908",-,1024908,2022.csv,2022,-,100%
600,A Radiant Girl,"$1,012,800",-,1012800,2022.csv,2022,-,100%
