Rank,Release Group,Worldwide,Domestic,%,Foreign,%.1,filename,year
1,The Eight Hundred,"$461,421,559","$372,755",<0.1%,"$461,048,804",99.9%,2020.csv,2020
2,Demon Slayer: Mugen Train,"$454,779,627","$49,505,008",10.9%,"$405,274,619",89.1%,2020.csv,2020
3,Bad Boys for Life,"$426,505,244","$206,305,244",48.4%,"$220,200,000",51.6%,2020.csv,2020
4,"My People, My Homeland","$422,390,820",-,-,"$422,390,820",100%,2020.csv,2020
5,Tenet,"$363,656,624","$58,456,624",16.1%,"$305,200,000",83.9%,2020.csv,2020
6,Sonic the Hedgehog,"$319,715,683","$148,974,665",46.6%,"$170,741,018",53.4%,2020.csv,2020
7,Dolittle,"$245,438,444","$77,047,065",31.4%,"$168,391,379",68.6%,2020.csv,2020
8,Legend of Deification,"$240,663,149","$214,670",<0.1%,"$240,448,479",99.9%,2020.csv,2020
9,A Little Red Flower,"$216,000,000",-,-,"$216,000,000",100%,2020.csv,2020
10,The Croods 2: A New Age,"$215,905,815","$58,568,815",27.1%,"$157,337,000",72.9%,2020.csv,2020
11,Birds of Prey,"$201,858,461","$84,158,461",41.7%,"$117,700,000",58.3%,2020.csv,2020
12,Shock Wave 2,"$198,921,659",-,-,"$198,921,659",100%,2020.csv,2020
13,Wonder Woman 1984,"$166,801,036","$46,801,036",28.1%,"$120,000,000",71.9%,2020.csv,2020
14,The Sacrifice,"$161,047,608",-,-,"$161,047,608",100%,2020.csv,2020
15,The Invisible Man,"$143,151,000","$70,410,000",49.2%,"$72,741,000",50.8%,2020.csv,2020
16,Onward,"$141,940,042","$61,555,145",43.4%,"$80,384,897",56.6%,2020.csv,2020
17,Warm Hug,"$129,240,236",-,-,"$129,240,236",100%,2020.csv,2020
18,Soul,"$120,957,731",-,-,"$120,957,731",100%,2020.csv,2020
19,The Call of the Wild,"$111,105,497","$62,342,368",56.1%,"$48,763,129",43.9%,2020.csv,2020
20,Caught in Time,"$80,543,319",-,-,"$80,543,319",100%,2020.csv,2020
21,The Yin-Yang Master: Dream of Eternity,"$68,000,000",-,-,"$68,000,000",100%,2020.csv,2020
22,Mulan,"$66,800,000",-,-,"$66,800,000",100%,2020.csv,2020
23,Stand by Me Doraemon 2,"$65,201,374",-,-,"$65,201,374",100%,2020.csv,2020
24,The Rescue,"$64,195,986","$18,797",<0.1%,"$64,177,189",100%,2020.csv,2020
25,Love You Forever,"$60,670,799",-,-,"$60,670,799",100%,2020.csv,2020
26,Greenland,"$52,300,000",-,-,"$52,300,000",100%,2020.csv,2020
27,Tolo Tolo,"$52,186,426",-,-,"$52,186,426",100%,2020.csv,2020
28,Vanguard,"$50,866,901","$793,525",1.6%,"$50,073,376",98.4%,2020.csv,2020
29,The New Mutants,"$49,169,594","$23,852,659",48.5%,"$25,316,935",51.5%,2020.csv,2020
30,Fantasy Island,"$48,811,343","$27,309,289",55.9%,"$21,502,054",44.1%,2020.csv,2020
31,After We Collided,"$47,990,414","$2,386,483",5%,"$45,603,931",95%,2020.csv,2020
32,"From Today, It's My Turn: The Movie","$47,866,854",-,-,"$47,866,854",100%,2020.csv,2020
33,Trolls World Tour,"$47,196,831",-,-,"$47,196,831",100%,2020.csv,2020
34,Tanhaji: The Unsung Warrior,"$45,221,814",-,-,"$45,221,814",100%,2020.csv,2020
35,Unhinged,"$44,331,465","$20,831,465",47%,"$23,500,000",53%,2020.csv,2020
36,The End of Endless Love,"$43,950,000",-,-,"$43,950,000",100%,2020.csv,2020
37,Peninsula,"$42,698,327","$1,231,407",2.9%,"$41,466,920",97.1%,2020.csv,2020
38,Monster Hunter,"$42,145,959","$15,162,470",36%,"$26,983,489",64%,2020.csv,2020
39,Underwater,"$40,882,928","$17,291,078",42.3%,"$23,591,850",57.7%,2020.csv,2020
40,The War with Grandpa,"$40,709,936","$21,277,892",52.3%,"$19,432,044",47.7%,2020.csv,2020
41,Sarileru Neekevvaru,"$37,389,889","$821,000",2.2%,"$36,568,889",97.8%,2020.csv,2020
42,New Interpretation Records of the Three Kingdoms,"$36,747,486",-,-,"$36,747,486",100%,2020.csv,2020
43,The Confidence Man JP: Princess,"$36,109,913",-,-,"$36,109,913",100%,2020.csv,2020
44,The Man Standing Next,"$34,664,900","$113,527",0.3%,"$34,551,373",99.7%,2020.csv,2020
45,My Mom is a Character 3,"$34,360,029",-,-,"$34,360,029",100%,2020.csv,2020
46,Doraemon the Movie: Nobita's New Dinosaur,"$33,942,341",-,-,"$33,942,341",100%,2020.csv,2020
47,Deliver Us from Evil,"$33,718,703",-,-,"$33,718,703",100%,2020.csv,2020
48,Bloodshot,"$33,542,457","$12,561,824",37.5%,"$20,980,633",62.5%,2020.csv,2020
49,Harry Potter and the Sorcerer's Stone 2020 Re-release,"$31,501,815",-,-,"$31,501,815",100%,2020.csv,2020
50,Honest Thief,"$31,220,247","$14,163,574",45.4%,"$17,056,673",54.6%,2020.csv,2020
51,Like a Boss,"$30,399,490","$22,169,514",72.9%,"$8,229,976",27.1%,2020.csv,2020
52,Bath Buddy,"$28,700,000",-,-,"$28,700,000",100%,2020.csv,2020
53,Ala Vaikunthapurramuloo,"$28,477,890",-,-,"$28,477,890",100%,2020.csv,2020
54,Scoob!,"$27,088,425","$2,188,425",8.1%,"$24,900,000",91.9%,2020.csv,2020
55,The Witches,"$26,900,000",-,-,"$26,900,000",100%,2020.csv,2020
56,Emma.,"$26,404,660","$10,055,355",38.1%,"$16,349,305",61.9%,2020.csv,2020
57,Leap,"$25,818,882","$83,074",0.3%,"$25,735,808",99.7%,2020.csv,2020
58,The Father,"$24,289,294","$2,122,771",8.7%,"$22,166,523",91.3%,2020.csv,2020
59,Interstellar 2020 Re-release,"$23,771,122",-,-,"$23,771,122",100%,2020.csv,2020
60,Gretel & Hansel,"$22,051,055","$15,347,654",69.6%,"$6,703,401",30.4%,2020.csv,2020
61,Poupelle of Chimney Town,"$21,830,600",-,-,"$21,830,600",100%,2020.csv,2020
62,Stigmatized Properties,"$21,276,720",-,-,"$21,276,720",100%,2020.csv,2020
63,Pokémon the Movie: Secrets of the Jungle,"$21,097,921",-,-,"$21,097,921",100%,2020.csv,2020
64,The Photograph,"$20,690,779","$20,578,185",99.5%,"$112,594",0.5%,2020.csv,2020
65,Yarn,"$20,474,270",-,-,"$20,474,270",100%,2020.csv,2020
66,Violet Evergarden: The Movie,"$20,339,624",-,-,"$20,339,624",100%,2020.csv,2020
67,Brahms: The Boy II,"$20,311,536","$12,611,536",62.1%,"$7,700,000",37.9%,2020.csv,2020
68,Ice 2,"$19,788,995",-,-,"$19,788,995",100%,2020.csv,2020
69,Soul Snatcher,"$19,561,221",-,-,"$19,561,221",100%,2020.csv,2020
70,The Turning,"$19,428,166","$15,472,775",79.6%,"$3,955,391",20.4%,2020.csv,2020
71,Fate/Stay Night: Heaven's Feel - III. Spring Song,"$19,252,497","$200,000",1%,"$19,052,497",99%,2020.csv,2020
72,Takizawa Enbujo Zero,"$18,091,395",-,-,"$18,091,395",100%,2020.csv,2020
73,The Promised Neverland,"$17,698,106",-,-,"$17,698,106",100%,2020.csv,2020
74,Kaiji: Final Game,"$17,645,779",-,-,"$17,645,779",100%,2020.csv,2020
75,Hitman: Agent Jun,"$17,601,351",-,-,"$17,601,351",100%,2020.csv,2020
76,Promising Young Woman,"$17,135,557","$6,460,965",37.7%,"$10,674,592",62.3%,2020.csv,2020
77,Digimon Adventure: Last Evolution Kizuna,"$17,096,687",-,-,"$17,096,687",100%,2020.csv,2020
78,Bye Bye Morons,"$16,955,173",-,-,"$16,955,173",100%,2020.csv,2020
79,Baaghi 3,"$16,726,510","$721,439",4.3%,"$16,005,071",95.7%,2020.csv,2020
80,I Still Believe,"$16,069,730","$9,868,521",61.4%,"$6,201,209",38.6%,2020.csv,2020
81,Freaky,"$15,920,855","$9,030,855",56.7%,"$6,890,000",43.3%,2020.csv,2020
82,Padre no hay más que uno 2: La llegada de la suegra,"$15,373,181",-,-,"$15,373,181",100%,2020.csv,2020
83,The Way Back,"$14,690,514","$13,590,514",92.5%,"$1,100,000",7.5%,2020.csv,2020
84,The Personal History of David Copperfield,"$14,399,270","$1,876,298",13%,"$12,522,972",87%,2020.csv,2020
85,Nightlife,"$14,308,789",-,-,"$14,308,789",100%,2020.csv,2020
86,Pawn,"$14,193,957",-,-,"$14,193,957",100%,2020.csv,2020
87,#Alive,"$13,432,212",-,-,"$13,432,212",100%,2020.csv,2020
88,Howling Village,"$13,394,556",-,-,"$13,394,556",100%,2020.csv,2020
89,Come Play,"$13,182,254","$10,475,990",79.5%,"$2,706,264",20.5%,2020.csv,2020
90,Samjin Company English Class,"$12,761,386",-,-,"$12,761,386",100%,2020.csv,2020
91,Another Round,"$12,686,885",-,-,"$12,686,885",100%,2020.csv,2020
92,News of the World,"$12,668,325","$12,668,325",100%,-,-,2020.csv,2020
93,Collectors,"$12,640,113",-,-,"$12,640,113",100%,2020.csv,2020
94,Shinchan: Crash! Scribble Kingdom and Almost Four Heroes,"$12,221,804",-,-,"$12,221,804",100%,2020.csv,2020
95,Ducobu 3,"$12,157,793",-,-,"$12,157,793",100%,2020.csv,2020
96,Legend No. 17,"$11,811,335",-,-,"$11,811,335",100%,2020.csv,2020
97,Wotakoi: Love Is Hard for Otaku,"$11,702,371",-,-,"$11,702,371",100%,2020.csv,2020
98,Let Him Go,"$11,630,934","$9,358,025",80.5%,"$2,272,909",19.5%,2020.csv,2020
99,The Hunt,"$11,481,750","$5,812,500",50.6%,"$5,669,250",49.4%,2020.csv,2020
100,30 jours max,"$10,998,969",-,-,"$10,998,969",100%,2020.csv,2020
101,The Voice of Sin,"$10,983,063",-,-,"$10,983,063",100%,2020.csv,2020
102,Bigfoot Family,"$10,855,626",-,-,"$10,855,626",100%,2020.csv,2020
103,Me contro Te - Il film: La vendetta del Signor S,"$10,779,891",-,-,"$10,779,891",100%,2020.csv,2020
104,One Second,"$10,750,202",-,-,"$10,750,202",100%,2020.csv,2020
105,Impractical Jokers: The Movie,"$10,691,091","$10,691,091",100%,-,-,2020.csv,2020
106,Honest Candidate,"$10,597,464",-,-,"$10,597,464",100%,2020.csv,2020
107,Street Dancer 3D,"$10,339,127",-,-,"$10,339,127",100%,2020.csv,2020
108,My Spy,"$10,200,000",-,-,"$10,200,000",100%,2020.csv,2020
109,The Asadas,"$10,066,797",-,-,"$10,066,797",100%,2020.csv,2020
110,Beauty and the Beast 2020 Re-release,"$10,055,094","$467,000",4.6%,"$9,588,094",95.4%,2020.csv,2020
111,Stolen Identity 2,"$9,687,188",-,-,"$9,687,188",100%,2020.csv,2020
112,10 Days with Dad,"$9,472,077","$2,359",<0.1%,"$9,469,718",100%,2020.csv,2020
113,Secret Zoo,"$9,471,940",-,-,"$9,471,940",100%,2020.csv,2020
114,365 Days,"$9,458,590",-,-,"$9,458,590",100%,2020.csv,2020
115,Okay Madam,"$9,433,525",-,-,"$9,433,525",100%,2020.csv,2020
116,L'appel de la forêt,"$9,317,347",-,-,"$9,317,347",100%,2020.csv,2020
117,Inception 10th Anniversary re-release,"$9,100,000",-,-,"$9,100,000",100%,2020.csv,2020
118,The Closet,"$9,036,145",-,-,"$9,036,145",100%,2020.csv,2020
119,Malasaña 32,"$8,968,845",-,-,"$8,968,845",100%,2020.csv,2020
120,Break the Silence: The Movie,"$8,954,345",-,-,"$8,954,345",100%,2020.csv,2020
121,I Hate Summer,"$8,926,071",-,-,"$8,926,071",100%,2020.csv,2020
122,100% Wolf,"$8,906,757","$658,764",7.4%,"$8,247,993",92.6%,2020.csv,2020
123,Downhill,"$8,899,195","$8,287,061",93.1%,"$612,134",6.9%,2020.csv,2020
124,Les blagues de Toto,"$8,859,185",-,-,"$8,859,185",100%,2020.csv,2020
125,The Secret Garden,"$8,721,243",-,-,"$8,721,243",100%,2020.csv,2020
126,Eltilerin Savasi,"$8,613,864",-,-,"$8,613,864",100%,2020.csv,2020
127,Malang,"$8,399,765",-,-,"$8,399,765",100%,2020.csv,2020
128,Your Eyes Tell,"$8,020,474",-,-,"$8,020,474",100%,2020.csv,2020
129,AI Amok,"$7,932,191",-,-,"$7,932,191",100%,2020.csv,2020
130,The Lost Prince,"$7,837,980",-,-,"$7,837,980",100%,2020.csv,2020
131,Antoinette dans les Cévennes,"$7,800,173",-,-,"$7,800,173",100%,2020.csv,2020
132,The Marriage Escape,"$7,760,946",-,-,"$7,760,946",100%,2020.csv,2020
133,Spirited Away Studio Ghibli Fest 2020,"$7,732,435",-,-,"$7,732,435",100%,2020.csv,2020
134,Smack Dab Kakha,"$7,692,780",-,-,"$7,692,780",100%,2020.csv,2020
135,Two by Two: Overboard!,"$7,682,182",-,-,"$7,682,182",100%,2020.csv,2020
136,Princess Mononoke Studio Ghibli Fest 2020,"$7,673,207",-,-,"$7,673,207",100%,2020.csv,2020
137,The Heist of the Century,"$7,627,100",-,-,"$7,627,100",100%,2020.csv,2020
138,De Gaulle,"$7,501,454",-,-,"$7,501,454",100%,2020.csv,2020
139,Fukushima 50,"$7,494,243",-,-,"$7,494,243",100%,2020.csv,2020
140,"Turu, the Wacky Hen","$7,431,553",-,-,"$7,431,553",100%,2020.csv,2020
141,The Best Years,"$7,340,132",-,-,"$7,340,132",100%,2020.csv,2020
142,Mamma Mia! Here We Go Again 2020 Re-release,"$7,209,678",-,-,"$7,209,678",100%,2020.csv,2020
143,The (UN)perfect Guy,"$7,154,649",-,-,"$7,154,649",100%,2020.csv,2020
144,Bohemian Rhapsody 2020 Re-release,"$7,154,052","$240,000",3.4%,"$6,914,052",96.6%,2020.csv,2020
145,Back to the Wharf,"$7,090,000",-,-,"$7,090,000",100%,2020.csv,2020
146,Adu,"$7,085,946",-,-,"$7,085,946",100%,2020.csv,2020
147,Antebellum,"$7,060,384",-,-,"$7,060,384",100%,2020.csv,2020
148,Fatale,"$7,031,289","$6,306,897",89.7%,"$724,392",10.3%,2020.csv,2020
149,Spycies,"$6,989,285",-,-,"$6,989,285",100%,2020.csv,2020
150,Jim Button and the Wild 13,"$6,921,652",-,-,"$6,921,652",100%,2020.csv,2020
151,Psy 3: W imie zasad,"$6,725,146",-,-,"$6,725,146",100%,2020.csv,2020
152,Blood Moon Party,"$6,709,383",-,-,"$6,709,383",100%,2020.csv,2020
153,Dragon Rider,"$6,701,556",-,-,"$6,701,556",100%,2020.csv,2020
154,Innocence,"$6,659,968",-,-,"$6,659,968",100%,2020.csv,2020
155,Shubh Mangal Zyada Saavdhan,"$6,574,905",-,-,"$6,574,905",100%,2020.csv,2020
156,Chhapaak,"$6,532,100","$604,334",9.3%,"$5,927,766",90.7%,2020.csv,2020
157,"Love Me, Love Me Not","$6,494,241",-,-,"$6,494,241",100%,2020.csv,2020
158,Hammamet,"$6,434,874",-,-,"$6,434,874",100%,2020.csv,2020
159,Lindenberg! Mach dein Ding,"$6,404,964",-,-,"$6,404,964",100%,2020.csv,2020
160,Midnight Swan,"$6,397,065",-,-,"$6,397,065",100%,2020.csv,2020
161,Nausicaä of the Valley of the Wind 2020 Re-release,"$6,395,525",-,-,"$6,395,525",100%,2020.csv,2020
162,Simply Black,"$6,323,750",-,-,"$6,323,750",100%,2020.csv,2020
163,My Boyfriend's Meds,"$6,292,780","$2,971,116",47.2%,"$3,321,664",52.8%,2020.csv,2020
164,Bill & Ted Face the Music,"$6,274,027","$3,439,660",54.8%,"$2,834,367",45.2%,2020.csv,2020
165,Hotel Belgrade,"$6,199,413",-,-,"$6,199,413",100%,2020.csv,2020
166,How to Be a Good Wife,"$6,029,102",-,-,"$6,029,102",100%,2020.csv,2020
167,The Legacy Of Dr. Death: Black File,"$6,024,046",-,-,"$6,024,046",100%,2020.csv,2020
168,The Rhythm Section,"$5,989,583","$5,437,971",90.8%,"$551,612",9.2%,2020.csv,2020
169,Jak zostalem gangsterem. Historia prawdziwa,"$5,975,729",-,-,"$5,975,729",100%,2020.csv,2020
170,The Lion King 2020 Re-release,"$5,948,352",-,-,"$5,948,352",100%,2020.csv,2020
171,Twiceborn,"$5,880,157","$11,527",0.2%,"$5,868,630",99.8%,2020.csv,2020
172,The Royal Bride,"$5,830,719",-,-,"$5,830,719",100%,2020.csv,2020
173,Beasts Clawing at Straws,"$5,796,059",-,-,"$5,796,059",100%,2020.csv,2020
174,Last Letter,"$5,663,972",-,-,"$5,663,972",100%,2020.csv,2020
175,Yowamushi Pedal: The Movie 2020 Re-release,"$5,624,218",-,-,"$5,624,218",100%,2020.csv,2020
176,Hocus Pocus 2020 Re-release,"$5,609,193","$4,828,000",86.1%,"$781,193",13.9%,2020.csv,2020
177,Klassikokkutulek 2: Pulmad ja matused,"$5,543,147",-,-,"$5,543,147",100%,2020.csv,2020
178,Mama Weed,"$5,432,038","$29,151",0.5%,"$5,402,887",99.5%,2020.csv,2020
179,Divorce Club,"$5,316,313",-,-,"$5,316,313",100%,2020.csv,2020
180,A Piece of Cake,"$5,253,994",-,-,"$5,253,994",100%,2020.csv,2020
181,Cindy La Regia,"$5,222,322",-,-,"$5,222,322",100%,2020.csv,2020
182,Run,"$5,184,368",-,-,"$5,184,368",100%,2020.csv,2020
183,Love Aaj Kal,"$5,120,794",-,-,"$5,120,794",100%,2020.csv,2020
184,Masked Ward,"$5,107,013",-,-,"$5,107,013",100%,2020.csv,2020
185,Ayyappanum Koshiyum,"$5,088,713",-,-,"$5,088,713",100%,2020.csv,2020
186,Baba Parasi,"$5,084,342",-,-,"$5,084,342",100%,2020.csv,2020
187,Die Känguru-Chroniken,"$5,081,127",-,-,"$5,081,127",100%,2020.csv,2020
188,The Real Exorcist,"$5,035,830",-,-,"$5,035,830",100%,2020.csv,2020
189,Mayday,"$5,011,408",-,-,"$5,011,408",100%,2020.csv,2020
190,Bheeshma,"$4,997,080",-,-,"$4,997,080",100%,2020.csv,2020
191,Made in Abyss: Dawn of the Deep Soul,"$4,971,635",-,-,"$4,971,635",100%,2020.csv,2020
192,Godai - The Wunderkind,"$4,948,225",-,-,"$4,948,225",100%,2020.csv,2020
193,Military Wives,"$4,889,252",-,-,"$4,889,252",100%,2020.csv,2020
194,Panga,"$4,886,124","$582,720",11.9%,"$4,303,404",88.1%,2020.csv,2020
195,The Tales for Old and Young,"$4,853,143",-,-,"$4,853,143",100%,2020.csv,2020
196,Streltsov,"$4,850,073",-,-,"$4,850,073",100%,2020.csv,2020
197,The SpongeBob Movie: Sponge on the Run,"$4,810,790","$4,810,790",100%,-,-,2020.csv,2020
198,The Empty Man,"$4,796,993","$2,992,948",62.4%,"$1,804,045",37.6%,2020.csv,2020
199,The Vets,"$4,788,826",-,-,"$4,788,826",100%,2020.csv,2020
200,The Broken Hearts Gallery,"$4,781,389","$4,067,442",85.1%,"$713,947",14.9%,2020.csv,2020
1,Spider-Man: No Way Home,"$1,808,739,012","$761,739,012",42.1%,"$1,047,000,000",57.9%,2021.csv,2021
2,The Battle at Lake Changjin,"$902,540,935","$342,411",<0.1%,"$902,198,524",100%,2021.csv,2021
3,"Hi, Mom","$822,009,764",-,-,"$822,009,764",100%,2021.csv,2021
4,No Time to Die,"$774,153,007","$160,891,007",20.8%,"$613,262,000",79.2%,2021.csv,2021
5,F9: The Fast Saga,"$726,229,501","$173,005,945",23.8%,"$553,223,556",76.2%,2021.csv,2021
6,Detective Chinatown 3,"$686,257,563",-,-,"$686,257,563",100%,2021.csv,2021
7,Venom: Let There Be Carnage,"$502,050,366","$213,550,366",42.5%,"$288,500,000",57.5%,2021.csv,2021
8,Godzilla vs. Kong,"$468,216,094","$100,916,094",21.6%,"$367,300,000",78.4%,2021.csv,2021
9,Shang-Chi and the Legend of the Ten Rings,"$432,233,010","$224,543,292",51.9%,"$207,689,718",48.1%,2021.csv,2021
10,Eternals,"$402,064,899","$164,870,234",41%,"$237,194,665",59%,2021.csv,2021
11,Dune,"$400,212,452","$107,868,493",27%,"$292,343,959",73%,2021.csv,2021
12,Black Widow,"$379,631,351","$183,651,655",48.4%,"$195,979,696",51.6%,2021.csv,2021
13,Free Guy,"$331,503,757","$121,626,598",36.7%,"$209,877,159",63.3%,2021.csv,2021
14,Sing 2,"$311,687,680","$144,194,680",46.3%,"$167,493,000",53.7%,2021.csv,2021
15,A Quiet Place Part II,"$297,372,261","$160,072,261",53.8%,"$137,300,000",46.2%,2021.csv,2021
16,Encanto,"$239,998,516","$94,373,983",39.3%,"$145,624,533",60.7%,2021.csv,2021
17,Cruella,"$233,274,812","$86,103,234",36.9%,"$147,171,578",63.1%,2021.csv,2021
18,"My Country, My Parents","$221,701,823","$166,807",<0.1%,"$221,535,016",99.9%,2021.csv,2021
19,Jungle Cruise,"$220,889,446","$116,987,516",53%,"$103,901,930",47%,2021.csv,2021
20,Raging Fire,"$205,846,481","$385,305",0.2%,"$205,461,176",99.8%,2021.csv,2021
21,The Conjuring: The Devil Made Me Do It,"$202,031,050","$65,631,050",32.5%,"$136,400,000",67.5%,2021.csv,2021
22,Chinese Doctors,"$197,143,218",-,-,"$197,143,218",100%,2021.csv,2021
23,Ghostbusters: Afterlife,"$197,063,011","$129,063,011",65.5%,"$68,000,000",34.5%,2021.csv,2021
24,Cliff Walkers,"$181,325,565","$152,972",<0.1%,"$181,172,593",99.9%,2021.csv,2021
25,The Suicide Squad,"$167,417,425","$55,817,425",33.3%,"$111,600,000",66.7%,2021.csv,2021
26,Space Jam: A New Legacy,"$162,892,228","$70,592,228",43.3%,"$92,300,000",56.7%,2021.csv,2021
27,The Matrix Resurrections,"$156,473,077","$37,584,847",24%,"$118,888,230",76%,2021.csv,2021
28,Peter Rabbit 2: The Runaway,"$153,901,717","$40,501,717",26.3%,"$113,400,000",73.7%,2021.csv,2021
29,House of Gucci,"$152,011,943","$53,706,943",35.3%,"$98,305,000",64.7%,2021.csv,2021
30,A Writer's Odyssey,"$150,123,320","$160,013",0.1%,"$149,963,307",99.9%,2021.csv,2021
31,The Boss Baby: Family Business,"$146,745,280","$57,300,280",39%,"$89,445,000",61%,2021.csv,2021
32,PAW Patrol: The Movie,"$144,327,371","$40,127,371",27.8%,"$104,200,000",72.2%,2021.csv,2021
33,Tom and Jerry,"$133,336,687","$46,536,687",34.9%,"$86,800,000",65.1%,2021.csv,2021
34,Be Somebody,"$132,324,831",-,-,"$132,324,831",100%,2021.csv,2021
35,Halloween Kills,"$131,647,155","$92,002,155",69.9%,"$39,645,000",30.1%,2021.csv,2021
36,Raya and the Last Dragon,"$130,281,158","$54,723,032",42%,"$75,558,126",58%,2021.csv,2021
37,Sister,"$128,317,206",-,-,"$128,317,206",100%,2021.csv,2021
38,The King's Man,"$123,960,296","$36,901,741",29.8%,"$87,058,555",70.2%,2021.csv,2021
39,The Addams Family 2,"$119,815,153","$56,489,153",47.1%,"$63,326,000",52.9%,2021.csv,2021
40,My Love,"$114,016,434","$86,252",<0.1%,"$113,930,182",99.9%,2021.csv,2021
41,Wrath of Man,"$103,966,489","$27,466,489",26.4%,"$76,500,000",73.6%,2021.csv,2021
42,Clifford the Big Red Dog,"$100,247,356","$48,947,356",48.8%,"$51,300,000",51.2%,2021.csv,2021
43,Detective Conan: The Scarlet Bullet,"$95,580,715",-,-,"$95,580,715",100%,2021.csv,2021
44,Evangelion: 3.0+1.01 Thrice Upon a Time,"$92,246,218",-,-,"$92,246,218",100%,2021.csv,2021
45,End Game,"$91,824,961","$23,149",<0.1%,"$91,801,812",100%,2021.csv,2021
46,Old,"$90,112,510","$48,242,510",53.5%,"$41,870,000",46.5%,2021.csv,2021
47,Mortal Kombat,"$83,726,031","$42,326,031",50.6%,"$41,400,000",49.4%,2021.csv,2021
48,Boonie Bears: The Wild Life,"$77,961,258",-,-,"$77,961,258",100%,2021.csv,2021
49,Candyman,"$77,411,570","$61,186,570",79%,"$16,225,000",21%,2021.csv,2021
50,The Forever Purge,"$76,994,245","$44,539,245",57.8%,"$32,455,000",42.2%,2021.csv,2021
51,1921,"$75,159,828",-,-,"$75,159,828",100%,2021.csv,2021
52,Hitman's Wife's Bodyguard,"$70,060,492","$38,014,727",54.3%,"$32,045,765",45.7%,2021.csv,2021
53,West Side Story,"$67,092,278","$37,309,162",55.6%,"$29,783,116",44.4%,2021.csv,2021
54,Jujutsu Kaisen 0: The Movie,"$64,330,795",-,-,"$64,330,795",100%,2021.csv,2021
55,Belle,"$62,815,697","$3,821,762",6.1%,"$58,993,935",93.9%,2021.csv,2021
56,Ron's Gone Wrong,"$60,660,840","$23,009,270",37.9%,"$37,651,570",62.1%,2021.csv,2021
57,Cloudy Mountain,"$58,281,703",-,-,"$58,281,703",100%,2021.csv,2021
58,Avatar 2021 Re-release,"$57,566,409",-,-,"$57,566,409",100%,2021.csv,2021
59,Nezha Reborn,"$56,088,478",-,-,"$56,088,478",100%,2021.csv,2021
60,Nobody,"$55,405,035","$27,268,035",49.2%,"$28,137,000",50.8%,2021.csv,2021
61,Upcoming,"$54,300,000",-,-,"$54,300,000",100%,2021.csv,2021
62,Man in Love,"$52,946,097",-,-,"$52,946,097",100%,2021.csv,2021
63,Break Through the Darkness,"$52,700,000",-,-,"$52,700,000",100%,2021.csv,2021
64,Escape Room: Tournament of Champions,"$51,914,753","$25,314,753",48.8%,"$26,600,000",51.2%,2021.csv,2021
65,Schemes in Antiques,"$51,637,422","$36,501",<0.1%,"$51,600,921",99.9%,2021.csv,2021
66,Luca,"$49,750,471",-,-,"$49,750,471",100%,2021.csv,2021
67,Don't Breathe 2,"$47,312,950","$32,712,950",69.1%,"$14,600,000",30.9%,2021.csv,2021
68,My Hero Academia: World Heroes' Mission,"$46,567,849","$12,271,658",26.4%,"$34,296,191",73.6%,2021.csv,2021
69,The French Dispatch,"$45,641,166","$16,124,375",35.3%,"$29,516,791",64.7%,2021.csv,2021
70,Love Will Tear Us Apart,"$45,060,290",-,-,"$45,060,290",100%,2021.csv,2021
71,In the Heights,"$43,975,167","$29,975,167",68.2%,"$14,000,000",31.8%,2021.csv,2021
72,Spirit Untamed,"$42,636,215","$17,635,215",41.4%,"$25,001,000",58.6%,2021.csv,2021
73,Spiral,"$40,618,920","$23,216,862",57.2%,"$17,402,058",42.8%,2021.csv,2021
74,Snake Eyes,"$40,064,325","$28,264,325",70.5%,"$11,800,000",29.5%,2021.csv,2021
75,Tokyo Revengers,"$39,687,069",-,-,"$39,687,069",100%,2021.csv,2021
76,Nomadland,"$39,458,207","$3,700,000",9.4%,"$35,758,207",90.6%,2021.csv,2021
77,Resident Evil: Welcome to Raccoon City,"$38,600,046","$17,000,046",44%,"$21,600,000",56%,2021.csv,2021
78,The Yinyang Master,"$37,690,000",-,-,"$37,690,000",100%,2021.csv,2021
79,Rurouni Kenshin: Final Chapter Part I - The Final,"$36,964,978",-,-,"$36,964,978",100%,2021.csv,2021
80,The Door Lock,"$36,100,000",-,-,"$36,100,000",100%,2021.csv,2021
81,Arashi Anniversary Tour 5 x 20 Film: Record of Memories,"$36,065,638",-,-,"$36,065,638",100%,2021.csv,2021
82,I Fell in Love Like a Flower Bouquet,"$34,975,905",-,-,"$34,975,905",100%,2021.csv,2021
83,King Richard,"$34,250,166","$14,931,337",43.6%,"$19,318,829",56.4%,2021.csv,2021
84,Malignant,"$33,991,791","$13,391,791",39.4%,"$20,600,000",60.6%,2021.csv,2021
85,Nightmare Alley,"$33,557,500","$11,047,389",32.9%,"$22,510,111",67.1%,2021.csv,2021
86,Big Red Envelope,"$32,800,000",-,-,"$32,800,000",100%,2021.csv,2021
87,Masquerade Night,"$32,287,400",-,-,"$32,287,400",100%,2021.csv,2021
88,Once Upon a Time in Hong Kong,"$32,218,874",-,-,"$32,218,874",100%,2021.csv,2021
89,Home Sweet Home,"$32,178,677",-,-,"$32,178,677",100%,2021.csv,2021
90,Respect,"$31,765,870","$24,278,399",76.4%,"$7,487,471",23.6%,2021.csv,2021
91,The Unholy,"$30,832,137","$15,532,137",50.4%,"$15,300,000",49.6%,2021.csv,2021
92,The Last Duel,"$30,552,111","$10,853,945",35.5%,"$19,698,166",64.5%,2021.csv,2021
93,The Little Things,"$29,942,746","$15,342,746",51.2%,"$14,600,000",48.8%,2021.csv,2021
94,Escape from Mogadishu,"$29,855,981","$346,271",1.2%,"$29,509,710",98.8%,2021.csv,2021
95,Master,"$28,692,230",-,-,"$28,692,230",100%,2021.csv,2021
96,The Last Warrior: A Messenger of Darkness,"$28,431,360",-,-,"$28,431,360",100%,2021.csv,2021
97,The Last Warrior: Root of Evil,"$28,357,398",-,-,"$28,357,398",100%,2021.csv,2021
98,Chaos Walking,"$26,508,132","$13,287,908",50.1%,"$13,220,224",49.9%,2021.csv,2021
99,Belfast,"$26,469,040","$8,044,040",30.4%,"$18,425,000",69.6%,2021.csv,2021
100,American Underdog,"$26,385,316","$26,385,316",100%,-,-,2021.csv,2021
101,The Courier,"$26,000,711","$6,613,432",25.4%,"$19,387,279",74.6%,2021.csv,2021
102,Licorice Pizza,"$24,193,955","$14,445,955",59.7%,"$9,748,000",40.3%,2021.csv,2021
103,Those Who Wish Me Dead,"$23,468,586","$7,407,200",31.6%,"$16,061,386",68.4%,2021.csv,2021
104,The Marksman,"$23,076,711","$15,566,093",67.5%,"$7,510,618",32.5%,2021.csv,2021
105,Last Night in Soho,"$22,957,625","$10,127,625",44.1%,"$12,830,000",55.9%,2021.csv,2021
106,The Day We Lit Up the Sky,"$22,500,000",-,-,"$22,500,000",100%,2021.csv,2021
107,Kaamelott: First Installment,"$21,962,844","$188,000",0.9%,"$21,774,844",99.1%,2021.csv,2021
108,After We Fell,"$21,584,600","$2,170,750",10.1%,"$19,413,850",89.9%,2021.csv,2021
109,Rurouni Kenshin: Final Chapter Part II - The Beginning,"$21,318,560",-,-,"$21,318,560",100%,2021.csv,2021
110,Wish Dragon,"$21,120,000",-,-,"$21,120,000",100%,2021.csv,2021
111,Spencer,"$20,538,073","$7,086,632",34.5%,"$13,451,441",65.5%,2021.csv,2021
112,Stillwater,"$19,672,073","$14,465,535",73.5%,"$5,206,538",26.5%,2021.csv,2021
113,Les Tuche 4,"$19,259,766",-,-,"$19,259,766",100%,2021.csv,2021
114,Dear Evan Hansen,"$19,021,477","$15,002,646",78.9%,"$4,018,831",21.1%,2021.csv,2021
115,The Pioneer,"$18,900,000",-,-,"$18,900,000",100%,2021.csv,2021
116,The Green Knight,"$18,888,418","$17,173,321",90.9%,"$1,715,097",9.1%,2021.csv,2021
117,Antlers,"$18,867,659","$10,619,670",56.3%,"$8,247,989",43.7%,2021.csv,2021
118,Sinkhole,"$18,804,231",-,-,"$18,804,231",100%,2021.csv,2021
119,Mobile Suit Gundam: Hathaway,"$18,731,309",-,-,"$18,731,309",100%,2021.csv,2021
120,The Stronghold,"$18,066,143",-,-,"$18,066,143",100%,2021.csv,2021
121,Bo Gia,"$17,480,489","$350,000",2%,"$17,130,489",98%,2021.csv,2021
122,The Dry,"$17,392,594","$364,237",2.1%,"$17,028,357",97.9%,2021.csv,2021
123,Gintama: The Final,"$17,252,960",-,-,"$17,252,960",100%,2021.csv,2021
124,Railway Heroes,"$17,222,703",-,-,"$17,222,703",100%,2021.csv,2021
125,Upon the Magic Roads,"$15,990,882",-,-,"$15,990,882",100%,2021.csv,2021
126,Reminiscence,"$15,800,193","$3,900,193",24.7%,"$11,900,000",75.3%,2021.csv,2021
127,Your Turn to Kill,"$15,476,242",-,-,"$15,476,242",100%,2021.csv,2021
128,The Night House,"$15,437,703","$7,100,581",46%,"$8,337,122",54%,2021.csv,2021
129,Parallel Mothers,"$15,421,838","$1,554,604",10.1%,"$13,867,234",89.9%,2021.csv,2021
130,Minari,"$15,322,552","$3,110,580",20.3%,"$12,211,972",79.7%,2021.csv,2021
131,Something About Love,"$15,204,017",-,-,"$15,204,017",100%,2021.csv,2021
132,Anita,"$15,026,604","$556,632",3.7%,"$14,469,972",96.3%,2021.csv,2021
133,The Wolf and the Lion,"$14,759,382","$1,039,248",7%,"$13,720,134",93%,2021.csv,2021
134,The Tomorrow War,"$14,400,000",-,-,"$14,400,000",100%,2021.csv,2021
135,"And, the Baton Was Passed","$14,368,469",-,-,"$14,368,469",100%,2021.csv,2021
136,Cry Macho,"$14,340,402","$10,310,734",71.9%,"$4,029,668",28.1%,2021.csv,2021
137,99.9 Criminal Lawyer: The Movie,"$14,269,321",-,-,"$14,269,321",100%,2021.csv,2021
138,Crayon Shin-chan: Shrouded in Mystery! The Flowers of Tenkazu Academy,"$14,059,824",-,-,"$14,059,824",100%,2021.csv,2021
139,Sword Art Online: Progressive - Aria of a Starless Night,"$13,769,821","$1,050,000",7.6%,"$12,719,821",92.4%,2021.csv,2021
140,Christmas with the Chosen: The Messengers,"$13,728,000","$13,728,000",100%,-,-,2021.csv,2021
141,OSS 117: From Africa with Love,"$13,435,888",-,-,"$13,435,888",100%,2021.csv,2021
142,Hostage: Missing Celebrity,"$13,125,970",-,-,"$13,125,970",100%,2021.csv,2021
143,Eiffel,"$13,061,937",-,-,"$13,061,937",100%,2021.csv,2021
144,Vakeel Saab,"$13,056,490",-,-,"$13,056,490",100%,2021.csv,2021
145,Monkey King Reborn,"$13,002,635",-,-,"$13,002,635",100%,2021.csv,2021
146,No Escapes,"$12,916,151",-,-,"$12,916,151",100%,2021.csv,2021
147,The Bodin's in the Land of Smile,"$12,872,253",-,-,"$12,872,253",100%,2021.csv,2021
148,The Many Saints of Newark,"$12,737,403","$8,237,403",64.7%,"$4,500,000",35.3%,2021.csv,2021
149,Character,"$12,571,501",-,-,"$12,571,501",100%,2021.csv,2021
150,School of Magical Animals,"$12,231,509",-,-,"$12,231,509",100%,2021.csv,2021
151,On Your Mark,"$12,100,000",-,-,"$12,100,000",100%,2021.csv,2021
152,Stand by Me,"$11,900,000",-,-,"$11,900,000",100%,2021.csv,2021
153,On the Line,"$11,772,156",-,-,"$11,772,156",100%,2021.csv,2021
154,The Fable: The Killer Who Doesn't Kill,"$11,325,545",-,-,"$11,325,545",100%,2021.csv,2021
155,What Did You Eat Yesterday?,"$11,320,893",-,-,"$11,320,893",100%,2021.csv,2021
156,Aline,"$11,012,401","$588,430",5.3%,"$10,423,971",94.7%,2021.csv,2021
157,Harry Potter and the Sorcerer's Stone 2021 Re-release,"$10,795,457","$799,342",7.4%,"$9,996,115",92.6%,2021.csv,2021
158,Krack,"$10,442,916",-,-,"$10,442,916",100%,2021.csv,2021
159,Kaiserschmarrndrama,"$10,357,720",-,-,"$10,357,720",100%,2021.csv,2021
160,"Caution, Hazardous Wife: The Movie","$10,356,359",-,-,"$10,356,359",100%,2021.csv,2021
161,Realm of Terracotta,"$10,341,512",-,-,"$10,341,512",100%,2021.csv,2021
162,Detective Conan: The Scarlet Alibi,"$10,308,627",-,-,"$10,308,627",100%,2021.csv,2021
163,Never Stop,"$10,224,935",-,-,"$10,224,935",100%,2021.csv,2021
164,Sumikko Gurashi The Movie: The Magical Child Of The Blue Moonlit Night,"$9,735,732",-,-,"$9,735,732",100%,2021.csv,2021
165,Black Box,"$9,685,061",-,-,"$9,685,061",100%,2021.csv,2021
166,The Soul,"$9,600,000",-,-,"$9,600,000",100%,2021.csv,2021
167,¡A todo tren! Destino Asturias,"$9,544,171",-,-,"$9,544,171",100%,2021.csv,2021
168,Baragaki: Unbroken Samurai,"$9,481,437",-,-,"$9,481,437",100%,2021.csv,2021
169,The Vault,"$9,022,920",-,-,"$9,022,920",100%,2021.csv,2021
170,All About My Mother,"$8,900,000",-,-,"$8,900,000",100%,2021.csv,2021
171,The Eleventh Chapter,"$8,845,525",-,-,"$8,845,525",100%,2021.csv,2021
172,Kaguya-sama: Love Is War,"$8,794,981",-,-,"$8,794,981",100%,2021.csv,2021
173,Agent Backkom: Kings Bear,"$8,500,000",-,-,"$8,500,000",100%,2021.csv,2021
174,Honey Lemon Soda,"$8,441,488",-,-,"$8,441,488",100%,2021.csv,2021
175,The Lord of the Rings: The Fellowship of the Ring 2021 Re-release,"$8,377,569",-,-,"$8,377,569",100%,2021.csv,2021
176,Delicious,"$8,342,846",-,-,"$8,342,846",100%,2021.csv,2021
177,The Protégé,"$8,282,208","$7,446,823",89.9%,"$835,385",10.1%,2021.csv,2021
178,I Don't Have Any Money Left in My Retirement Account,"$8,204,616",-,-,"$8,204,616",100%,2021.csv,2021
179,White Snake 2: Green Snake,"$8,170,000",-,-,"$8,170,000",100%,2021.csv,2021
180,Ainbo,"$8,133,281",-,-,"$8,133,281",100%,2021.csv,2021
181,New Happy Dad and Son 4,"$8,070,000",-,-,"$8,070,000",100%,2021.csv,2021
182,The Medium,"$7,970,149",-,-,"$7,970,149",100%,2021.csv,2021
183,Sunny Sisters,"$7,880,000",-,-,"$7,880,000",100%,2021.csv,2021
184,Hard Hit,"$7,633,895",-,-,"$7,633,895",100%,2021.csv,2021
185,Little Canned Men,"$7,600,000",-,-,"$7,600,000",100%,2021.csv,2021
186,Pushpa: The Rise - Part 1,"$7,592,374","$1,320,000",17.4%,"$6,272,374",82.6%,2021.csv,2021
187,Dad,"$7,544,581",-,-,"$7,544,581",100%,2021.csv,2021
188,The Mauritanian,"$7,527,030","$836,536",11.1%,"$6,690,494",88.9%,2021.csv,2021
189,The Ice Road,"$7,502,846",-,-,"$7,502,846",100%,2021.csv,2021
190,Love Letter 2021 Re-release,"$7,400,000",-,-,"$7,400,000",100%,2021.csv,2021
191,'83,"$7,349,452","$4,055,660",55.2%,"$3,293,792",44.8%,2021.csv,2021
192,Signal: The Movie,"$7,344,186",-,-,"$7,344,186",100%,2021.csv,2021
193,Lost Illusions,"$7,248,237",-,-,"$7,248,237",100%,2021.csv,2021
194,Dear Tutu: Operation T-Rex,"$7,200,000",-,-,"$7,200,000",100%,2021.csv,2021
195,Water Boys,"$7,200,000",-,-,"$7,200,000",100%,2021.csv,2021
196,Couple from the Future,"$7,160,729",-,-,"$7,160,729",100%,2021.csv,2021
197,Contra,"$7,099,187",-,-,"$7,099,187",100%,2021.csv,2021
198,Sooryavanshi,"$6,984,082","$3,547,776",50.8%,"$3,436,306",49.2%,2021.csv,2021
199,Extinct,"$6,927,641",-,-,"$6,927,641",100%,2021.csv,2021
200,Are You Lonesome Tonight?,"$6,902,639",-,-,"$6,902,639",100%,2021.csv,2021
1,Water Gate Bridge,"$480,028,494",-,-,"$480,028,494",100%,2022.csv,2022
2,Too Cool to Kill,"$217,000,000",-,-,"$217,000,000",100%,2022.csv,2022
3,Scream,"$129,768,594","$74,568,594",57.5%,"$55,200,000",42.5%,2022.csv,2022
4,Jackass Forever,"$50,382,462","$40,105,833",79.6%,"$10,276,629",20.4%,2022.csv,2022
5,Death on the Nile,"$37,949,499","$17,032,346",44.9%,"$20,917,153",55.1%,2022.csv,2022
6,The 355,"$26,291,706","$14,529,065",55.3%,"$11,762,641",44.7%,2022.csv,2022
7,Moonfall,"$24,949,833","$16,285,954",65.3%,"$8,663,879",34.7%,2022.csv,2022
8,Uncharted,"$21,500,000",-,-,"$21,500,000",100%,2022.csv,2022
9,Marry Me,"$20,635,930","$12,021,930",58.3%,"$8,614,000",41.7%,2022.csv,2022
10,Redeeming Love,"$9,128,793","$8,948,695",98%,"$180,098",2%,2022.csv,2022
11,The Pirates: The Last Royal Treasure,"$8,821,090",-,-,"$8,821,090",100%,2022.csv,2022
12,Super-héros malgré lui,"$7,375,119",-,-,"$7,375,119",100%,2022.csv,2022
13,Wunderschön,"$6,300,000",-,-,"$6,300,000",100%,2022.csv,2022
14,The Policeman's Lineage,"$5,613,691",-,-,"$5,613,691",100%,2022.csv,2022
15,Adieu Monsieur Haffmann,"$5,602,844",-,-,"$5,602,844",100%,2022.csv,2022
16,Blacklight,"$5,060,238","$4,772,866",94.3%,"$287,372",5.7%,2022.csv,2022
17,Kingmaker,"$4,998,561",-,-,"$4,998,561",100%,2022.csv,2022
18,Between Two Worlds,"$4,847,590",-,-,"$4,847,590",100%,2022.csv,2022
19,Waiting for Bojangles,"$4,405,010",-,-,"$4,405,010",100%,2022.csv,2022
20,Vaillante,"$4,082,190",-,-,"$4,082,190",100%,2022.csv,2022
21,Koniec swiata czyli Kogel Mogel 4,"$3,871,192",-,-,"$3,871,192",100%,2022.csv,2022
22,Special Delivery,"$3,464,888",-,-,"$3,464,888",100%,2022.csv,2022
23,Beautiful Minds,"$2,784,162",-,-,"$2,784,162",100%,2022.csv,2022
24,Chia Khoa Tram Ty,"$2,597,972",-,-,"$2,597,972",100%,2022.csv,2022
25,The Beatles: Get Back - The Rooftop Concert,"$2,130,269","$930,269",43.7%,"$1,200,000",56.3%,2022.csv,2022
26,Promises,"$2,101,180",-,-,"$2,101,180",100%,2022.csv,2022
27,The Young Lovers,"$1,816,970",-,-,"$1,816,970",100%,2022.csv,2022
28,Chuyen Ma Gan Nhà,"$1,795,484",-,-,"$1,795,484",100%,2022.csv,2022
29,The King's Daughter,"$1,730,793","$1,730,793",100%,-,-,2022.csv,2022
30,Hridayam,"$1,713,508",-,-,"$1,713,508",100%,2022.csv,2022
31,Aslan Hürkus Kayip Elmas,"$1,685,827",-,-,"$1,685,827",100%,2022.csv,2022
32,"8 rzeczy, których nie wiecie o facetach","$1,554,861",-,-,"$1,554,861",100%,2022.csv,2022
33,Gierek,"$1,531,831",-,-,"$1,531,831",100%,2022.csv,2022
34,For Ziko,"$1,446,445",-,-,"$1,446,445",100%,2022.csv,2022
35,Love Is Better Than Life,"$1,410,719",-,-,"$1,410,719",100%,2022.csv,2022
36,Nhà Khong Bán,"$1,216,452",-,-,"$1,216,452",100%,2022.csv,2022
37,The Beatles: Get Back,"$1,214,743",-,-,"$1,214,743",100%,2022.csv,2022
38,Swingers,"$1,139,284",-,-,"$1,139,284",100%,2022.csv,2022
39,1990,"$1,071,242",-,-,"$1,071,242",100%,2022.csv,2022
40,The Butcher's Daughter,"$1,033,162",-,-,"$1,033,162",100%,2022.csv,2022
41,Veerame Vaagai Soodum,"$1,024,908",-,-,"$1,024,908",100%,2022.csv,2022
42,A Radiant Girl,"$1,012,800",-,-,"$1,012,800",100%,2022.csv,2022
43,Mali Twist,"$956,475",-,-,"$956,475",100%,2022.csv,2022
44,The Tiger Rising,"$882,128","$835,162",94.7%,"$46,966",5.3%,2022.csv,2022
45,The Souvenir,"$827,620",-,-,"$827,620",100%,2022.csv,2022
46,My Brothers and I,"$825,312",-,-,"$825,312",100%,2022.csv,2022
47,Heart to Heart,"$759,972",-,-,"$759,972",100%,2022.csv,2022
48,Placés,"$759,453",-,-,"$759,453",100%,2022.csv,2022
49,"Love, Sex & Pandemic","$717,052",-,-,"$717,052",100%,2022.csv,2022
50,America Latina,"$693,818",-,-,"$693,818",100%,2022.csv,2022
51,Hello Jadoo: The Secret of Jeju Island,"$658,191",-,-,"$658,191",100%,2022.csv,2022
52,Boiling Point,"$651,281",-,-,"$651,281",100%,2022.csv,2022
53,Liubov i blohery,"$650,857",-,-,"$650,857",100%,2022.csv,2022
54,Adieu Paris,"$647,135",-,-,"$647,135",100%,2022.csv,2022
55,Benden Ne Olur,"$639,014",-,-,"$639,014",100%,2022.csv,2022
56,The Grandmother,"$584,217",-,-,"$584,217",100%,2022.csv,2022
57,Bangarraju,"$534,735",-,-,"$534,735",100%,2022.csv,2022
58,Lynx,"$531,572",-,-,"$531,572",100%,2022.csv,2022
59,Zlatni decko,"$516,236",-,-,"$516,236",100%,2022.csv,2022
60,Kaptan Pengu ve Arkadaslari 2,"$488,304",-,-,"$488,304",100%,2022.csv,2022
61,Fireheart,"$486,910",-,-,"$486,910",100%,2022.csv,2022
62,Around the World in 80 Days,"$479,303",-,-,"$479,303",100%,2022.csv,2022
63,The Chef,"$416,658",-,-,"$416,658",100%,2022.csv,2022
64,The Glance of Music,"$350,503",-,-,"$350,503",100%,2022.csv,2022
65,Nitram,"$344,826",-,-,"$344,826",100%,2022.csv,2022
66,Thunderbirds Go Go,"$331,934",-,-,"$331,934",100%,2022.csv,2022
67,Paw Patrol: Mission Xmas,"$320,402",-,-,"$320,402",100%,2022.csv,2022
68,Clean,"$315,448","$315,448",100%,-,-,2022.csv,2022
69,Dilberay Küçük Dev Kadin,"$284,405",-,-,"$284,405",100%,2022.csv,2022
70,Un Rabón con Corazón,"$272,584",-,-,"$272,584",100%,2022.csv,2022
71,Beyond Live Nct: Resonance,"$266,442",-,-,"$266,442",100%,2022.csv,2022
72,Last Looks,"$257,630",-,-,"$257,630",100%,2022.csv,2022
73,Secret Name,"$254,609",-,-,"$254,609",100%,2022.csv,2022
74,Naai Sekar,"$237,861",-,-,"$237,861",100%,2022.csv,2022
75,The Best Weekend,"$224,062",-,-,"$224,062",100%,2022.csv,2022
76,Sundown,"$221,725","$221,725",100%,-,-,2022.csv,2022
77,My Wonderful Wanda,"$202,048",-,-,"$202,048",100%,2022.csv,2022
78,Emergency Situation,"$196,534",-,-,"$196,534",100%,2022.csv,2022
79,Super Sharanya,"$187,264",-,-,"$187,264",100%,2022.csv,2022
80,Jang Minho Drama,"$185,373",-,-,"$185,373",100%,2022.csv,2022
81,BanG Dream! Poppin'Dream!,"$175,529",-,-,"$175,529",100%,2022.csv,2022
82,Rosy,"$170,246",-,-,"$170,246",100%,2022.csv,2022
83,Al Gareema,"$167,833",-,-,"$167,833",100%,2022.csv,2022
84,The Grandson,"$164,306",-,-,"$164,306",100%,2022.csv,2022
85,Anka,"$152,402",-,-,"$152,402",100%,2022.csv,2022
86,Arthur Rambo,"$148,312",-,-,"$148,312",100%,2022.csv,2022
87,Pups Alone,"$144,216",-,-,"$144,216",100%,2022.csv,2022
88,Book of Love,"$138,394",-,-,"$138,394",100%,2022.csv,2022
89,Jane by Charlotte,"$133,152",-,-,"$133,152",100%,2022.csv,2022
90,Stop-Zemlia,"$131,843",-,-,"$131,843",100%,2022.csv,2022
91,Gamestop: Rise of the Players,"$126,297","$126,297",100%,-,-,2022.csv,2022
92,Afacanlar: Is Basa Düstü,"$124,628",-,-,"$124,628",100%,2022.csv,2022
93,100 días con la Tata,"$123,609",-,-,"$123,609",100%,2022.csv,2022
94,Opera Mundi: Rigoletto Experientia,"$116,354",-,-,"$116,354",100%,2022.csv,2022
95,Project 'Gemini',"$105,631",-,-,"$105,631",100%,2022.csv,2022
96,Meppadiyan,"$94,996",-,-,"$94,996",100%,2022.csv,2022
97,Flight 666,"$87,997",-,-,"$87,997",100%,2022.csv,2022
98,Ghosts of the Ozarks,"$81,210",-,-,"$81,210",100%,2022.csv,2022
99,See for Me,"$79,411","$51,218",64.5%,"$28,193",35.5%,2022.csv,2022
100,Masal Zamani Melez Prenses,"$70,258",-,-,"$70,258",100%,2022.csv,2022
101,Shattered,"$70,055",-,-,"$70,055",100%,2022.csv,2022
102,Ghost in Transit,"$69,013",-,-,"$69,013",100%,2022.csv,2022
103,The Last Execution,"$68,529",-,-,"$68,529",100%,2022.csv,2022
104,The Conversation 2021 Re-release,"$65,764","$65,764",100%,-,-,2022.csv,2022
105,Tazza 2: The Hidden Card,"$61,756",-,-,"$61,756",100%,2022.csv,2022
106,Panghrun,"$60,244",-,-,"$60,244",100%,2022.csv,2022
107,Träume sind wie wilde Tiger,"$59,423",-,-,"$59,423",100%,2022.csv,2022
108,Save the Cinema,"$58,640",-,-,"$58,640",100%,2022.csv,2022
109,Howl's Moving Castle 2022 Re-release,"$54,646",-,-,"$54,646",100%,2022.csv,2022
110,Mult V Kino Vol 133,"$53,075",-,-,"$53,075",100%,2022.csv,2022
111,Muu Ke Thuong Luu,"$49,344",-,-,"$49,344",100%,2022.csv,2022
112,Sing a Bit of Harmony,"$48,915",-,-,"$48,915",100%,2022.csv,2022
113,Art of the Dead,"$48,621",-,-,"$48,621",100%,2022.csv,2022
114,Sewing Sisters,"$47,588",-,-,"$47,588",100%,2022.csv,2022
115,Mr. Landsbergis,"$46,298",-,-,"$46,298",100%,2022.csv,2022
116,La notte più lunga dell'anno,"$46,124",-,-,"$46,124",100%,2022.csv,2022
117,Cow,"$45,678",-,-,"$45,678",100%,2022.csv,2022
118,Fortress,"$45,617",-,-,"$45,617",100%,2022.csv,2022
119,Blow-Up 2020 Re-release,"$45,418",-,-,"$45,418",100%,2022.csv,2022
120,Gold,"$45,021",-,-,"$45,021",100%,2022.csv,2022
121,Only Fools Rush In,"$42,872",-,-,"$42,872",100%,2022.csv,2022
122,Ballad of a White Cow,"$42,467",-,-,"$42,467",100%,2022.csv,2022
123,"That Day, on the Beach","$37,482",-,-,"$37,482",100%,2022.csv,2022
124,Nalan,"$33,925",-,-,"$33,925",100%,2022.csv,2022
125,"That Day, on the Beach 2022 Re-release","$33,046",-,-,"$33,046",100%,2022.csv,2022
126,We Are Nothing,"$32,876",-,-,"$32,876",100%,2022.csv,2022
127,Petya na moyata Petya,"$32,209",-,-,"$32,209",100%,2022.csv,2022
128,Fritanga Express,"$31,153",-,-,"$31,153",100%,2022.csv,2022
129,C.I.Ape,"$28,517",-,-,"$28,517",100%,2022.csv,2022
130,Embrace Again,"$27,157",-,-,"$27,157",100%,2022.csv,2022
131,Mariya,"$26,107",-,-,"$26,107",100%,2022.csv,2022
132,Düs Pesine,"$25,416",-,-,"$25,416",100%,2022.csv,2022
133,Shortbus 2022 Re-release (Restoration),"$24,200","$24,200",100%,-,-,2022.csv,2022
134,Yildizlar Da Kayar,"$23,558",-,-,"$23,558",100%,2022.csv,2022
135,Know Fear,"$23,309",-,-,"$23,309",100%,2022.csv,2022
136,Kara Neme: Gelin Deresi,"$23,177",-,-,"$23,177",100%,2022.csv,2022
137,Spravzhnii Santa,"$21,719",-,-,"$21,719",100%,2022.csv,2022
138,Portret neznakomtsa,"$19,968",-,-,"$19,968",100%,2022.csv,2022
139,Nashi deti,"$19,749",-,-,"$19,749",100%,2022.csv,2022
140,The Commando,"$19,253",-,-,"$19,253",100%,2022.csv,2022
141,Candlelight Revolution,"$19,153",-,-,"$19,153",100%,2022.csv,2022
142,A Vanishing Fog,"$17,959",-,-,"$17,959",100%,2022.csv,2022
143,Cumali Ceber 666,"$17,009",-,-,"$17,009",100%,2022.csv,2022
144,Mothers of the Revolution,"$15,730",-,-,"$15,730",100%,2022.csv,2022
145,The Sadness,"$15,375",-,-,"$15,375",100%,2022.csv,2022
146,Lobis,"$15,359",-,-,"$15,359",100%,2022.csv,2022
147,Brighton 4th,"$15,193","$15,193",100%,-,-,2022.csv,2022
148,Olga,"$12,939",-,-,"$12,939",100%,2022.csv,2022
149,Doineann,"$12,175",-,-,"$12,175",100%,2022.csv,2022
150,The Crusade,"$11,490",-,-,"$11,490",100%,2022.csv,2022
151,Friday the 13th 2021 Re-release,"$11,064",-,-,"$11,064",100%,2022.csv,2022
152,Lübbey'in Laneti,"$10,187",-,-,"$10,187",100%,2022.csv,2022
153,Shooter,"$9,204",-,-,"$9,204",100%,2022.csv,2022
154,WarHunt,"$8,953",-,-,"$8,953",100%,2022.csv,2022
155,Catch the Fair One,"$8,661","$7,992",92.3%,$669,7.7%,2022.csv,2022
156,The Pregnant Tree and the Goblin,"$8,655",-,-,"$8,655",100%,2022.csv,2022
157,Broken Keys,"$8,510",-,-,"$8,510",100%,2022.csv,2022
158,My Little Princess 2022 Re-release,"$8,018",-,-,"$8,018",100%,2022.csv,2022
159,Koati,"$7,948",-,-,"$7,948",100%,2022.csv,2022
160,Söhretler Okulu,"$7,638",-,-,"$7,638",100%,2022.csv,2022
161,Dzhigalou,"$7,578",-,-,"$7,578",100%,2022.csv,2022
162,Ubit bossa,"$7,565",-,-,"$7,565",100%,2022.csv,2022
163,Zayed 9,"$7,273",-,-,"$7,273",100%,2022.csv,2022
164,Mark Hunt: The Fight of His Life,"$7,259",-,-,"$7,259",100%,2022.csv,2022
165,Deadlock,"$6,491",-,-,"$6,491",100%,2022.csv,2022
166,Detours,"$6,487",-,-,"$6,487",100%,2022.csv,2022
167,Mer Baky 4,"$6,040",-,-,"$6,040",100%,2022.csv,2022
168,Italian Studies,"$5,895","$5,895",100%,-,-,2022.csv,2022
169,Caged Birds,"$5,828",-,-,"$5,828",100%,2022.csv,2022
170,Jumanji 2021 Re-release,"$5,788",-,-,"$5,788",100%,2022.csv,2022
171,Last Film Show,"$5,783",-,-,"$5,783",100%,2022.csv,2022
172,Alter Ego,"$5,733","$5,733",100%,-,-,2022.csv,2022
173,Babi Yar. Context,"$5,240",-,-,"$5,240",100%,2022.csv,2022
174,Taming the Garden,"$5,205",-,-,"$5,205",100%,2022.csv,2022
175,Carona,"$5,123",-,-,"$5,123",100%,2022.csv,2022
176,Disobedient,"$5,068",-,-,"$5,068",100%,2022.csv,2022
177,Out in Force,"$5,022",-,-,"$5,022",100%,2022.csv,2022
178,Sila Nerangalil Sila Manidhargal,"$4,991",-,-,"$4,991",100%,2022.csv,2022
179,Hit the Road,"$4,930",-,-,"$4,930",100%,2022.csv,2022
180,Tokyo Story (Colorized Version),"$4,616",-,-,"$4,616",100%,2022.csv,2022
181,Mission Extreme,"$3,981",-,-,"$3,981",100%,2022.csv,2022
182,Zone 414,"$3,703",-,-,"$3,703",100%,2022.csv,2022
183,Arekalar,"$3,599",-,-,"$3,599",100%,2022.csv,2022
184,The Maid,"$3,475",-,-,"$3,475",100%,2022.csv,2022
185,Abbi Fede,"$2,900",-,-,"$2,900",100%,2022.csv,2022
186,Eduardo and Monica,"$2,468",-,-,"$2,468",100%,2022.csv,2022
187,Canim Dayim,"$2,205",-,-,"$2,205",100%,2022.csv,2022
188,Lines,"$1,977",-,-,"$1,977",100%,2022.csv,2022
189,Gelin,"$1,955",-,-,"$1,955",100%,2022.csv,2022
190,Moraba'A Bermuda,"$1,372",-,-,"$1,372",100%,2022.csv,2022
191,Vidhi,"$1,352",-,-,"$1,352",100%,2022.csv,2022
192,Hive,"$1,322",-,-,"$1,322",100%,2022.csv,2022
193,Night Raiders,"$1,281",-,-,"$1,281",100%,2022.csv,2022
194,The Girl and the Spider,"$1,261",-,-,"$1,261",100%,2022.csv,2022
195,The Wild Life,"$1,212",-,-,"$1,212",100%,2022.csv,2022
196,28½,"$1,066",-,-,"$1,066",100%,2022.csv,2022
197,Ninjababy,"$1,046",-,-,"$1,046",100%,2022.csv,2022
198,Rowdy Boys,"$1,029",-,-,"$1,029",100%,2022.csv,2022
199,Asterrarium,$772,-,-,$772,100%,2022.csv,2022
200,Estado impuro,$514,-,-,$514,100%,2022.csv,2022
